id,Domain,Status,Attractiveness,Demand,Length,Registrar,Created,Expires
34062282-5b12-4094-ba82-018dedb958bc,services.at,premium,72,92,8,,,
4a85e913-c8a6-4708-90dc-f736d27e9a21,services.cloud,premium,72,92,8,,,
022913c9-7fd9-4de1-be91-1ca8236fa9bd,services.co,resell,72,92,8,Hello Internet Corp.,25/02/2010 00:55,24/02/2026 23:59
3fe05864-07d9-4f83-b2b0-b45f83646628,services.online,premium,72,92,8,,,
8b854c9a-c05e-4fc6-b080-761d5753cf41,services.site,premium,72,92,8,,,
cc2b561f-1640-4620-b0ae-c235e5079085,services.space,premium,72,92,8,,,
224a0751-cdda-4221-a952-af441532c412,services.store,premium,72,92,8,,,
e75868ea-a536-435c-a269-be3e87321d88,services.tech,premium,72,92,8,,,
0cf4f843-ec67-46a0-9080-915035fa6aeb,management.app,resell,76,84,10,"GoDaddy.com, LLC",08/05/2018 17:10,08/05/2026 17:10
610f593e-14fd-4cb0-ab50-cf2cb78f8fc4,management.cloud,premium,76,84,10,,,
5f90bd5a-e7eb-463e-acef-ed9dc551d1bb,management.co,resell,76,84,10,Hello Internet Corp.,24/02/2010 22:49,23/02/2026 23:59
4da35666-49f1-4040-a3da-b200e9155053,management.com,resell,76,84,10,"NameCheap, Inc.",06/06/1997 04:00,05/06/2026 04:00
576abe10-44e7-4cfc-a46e-f4411e3d3a39,management.dev,premium,76,84,10,,,
06fb067c-563e-47d7-9903-ca43304da860,management.expert,premium,76,84,10,,,
62550ad5-4086-4fa1-b997-c6463b8f3091,management.gg,resell,76,84,10,Dynadot Inc. (https://www.dynadot.com),,
e00d3085-4a5b-4715-aa43-057d10669695,management.io,resell,76,84,10,"Name.com, Inc.",17/05/2024 21:03,17/05/2026 21:03
6c620f56-b63b-4674-b288-ab49cef371a2,management.me,resell,76,84,10,Dynadot Inc,13/09/2015 02:35,13/09/2025 02:35
f240a3ef-5324-4e77-af54-3f339bff729b,management.online,premium,76,84,10,,,
9481735c-16c7-403f-b5b2-f4c5bd451b54,management.org,expiring,76,84,10,"GoDaddy.com, LLC",24/07/1998 04:00,23/07/2025 04:00
5d44fc0b-3483-4e4c-a410-a23676c59dcc,management.pro,resell,76,84,10,"EnCirca, Inc.",22/06/2007 00:00,22/06/2026 00:00
7b1a92c0-c930-4323-91d2-0d659d73ae76,management.site,premium,76,84,10,,,
729f67c4-8cb6-4cee-a7a8-7e0cf31607c9,management.space,premium,76,84,10,,,
ed40715b-4b23-4093-a52d-9a50d2f72234,management.store,premium,76,84,10,,,
70fc5802-d3c4-46d2-b1f2-079e670d8711,management.tech,premium,76,84,10,,,
8eff310e-7625-494e-b8fd-0e1a8a5a8a77,commerce.gg,resell,58,96,8,Porkbun LLC (https://porkbun.com/),,
37cb18b5-0d7d-4c78-8ba9-f9cf56e99598,commerce.online,available,58,96,8,,,
b75008b6-888f-498a-8f25-13a93f5ed5d7,commerce.site,available,58,96,8,,,
a9e7915e-d60d-4a71-bc47-2053259b78ab,commerce.space,available,58,96,8,,,
f781ad48-11ec-4c0d-a36f-936dfc70c8bf,commerce.store,available,58,96,8,,,
b17a9ce8-62ba-4de6-8023-949389f380dc,commerce.xyz,resell,58,96,8,"Go Daddy, LLC",28/03/2019 02:20,28/03/2026 23:59
8d241500-27f1-4c6b-a86f-4c0a4a75f23f,commerce.zone,expiring,58,96,8,"Xiamen ChinaSource Internet Service Co., Ltd",31/07/2018 08:10,31/07/2025 08:10
b88f3725-251f-4a48-832c-755b13ccf230,business.at,sold,100,92,8,DomainQuadrat Marketing GmbH ( https://nic.at/registrar/581 ),,
84a9f55e-cc79-4d7b-abab-cfee1933ae51,business.cloud,available,100,92,8,,,
20485194-3bf8-4e40-9ae0-3a07e2568f7c,business.co,sold,100,92,8,Dynadot Inc,24/02/2010 23:12,23/02/2027 23:59
ece73e70-2aa2-44f6-878f-6332b1f7b616,business.expert,resell,100,92,8,"Global Domains International, Inc. DBA DomainCostClub.com",12/07/2015 16:00,12/07/2026 16:00
0bd15ef3-0c2a-4540-bb77-a82348d0122d,business.ninja,available,100,92,8,,,
5215ddb4-f36a-4a0e-8ca7-d7f6b61efc81,business.online,available,100,92,8,,,
704028de-9896-4803-a474-1e4ecea1a299,business.space,available,100,92,8,,,
028742c7-9477-4f9d-ac42-7b32b8234664,business.store,available,100,92,8,,,
e2fdd894-b84e-4d34-a2b7-385cd6a40286,business.tech,resell,100,92,8,Dotserve Inc,02/04/2019 14:11,02/04/2029 23:59
0bbf4a67-4a37-4090-ab93-bda3dcbd9a3a,business.xyz,expiring,100,92,8,"Global Domains International, Inc.",27/07/2022 22:47,27/07/2025 23:59
504b6e45-89b4-4bf0-acee-83839b181431,trade.ai,resell,116,92,5,Porkbun LLC,15/12/2017 23:41,30/10/2026 23:41
9dab6529-85b2-4cdb-8499-da5b51358a92,trade.app,expiring,116,92,5,Porkbun LLC,06/07/2023 20:56,06/07/2025 20:56
abb70b81-b318-45ef-90e8-0242aefccc38,trade.at,available,116,92,5,,,
03c43a8d-fb6d-437e-b70f-c20d61fd36a4,trade.dev,resell,116,92,5,"Go Australia Domains, LLC",21/02/2019 16:00,21/02/2026 16:00
bc67a49b-b8f6-4213-81a6-18a0d051ccfb,trade.net,resell,116,92,5,Tucows Domains Inc.,21/05/1997 04:00,22/05/2026 04:00
63f8fafa-63ae-4776-ad96-6f65a26999b9,trade.online,resell,116,92,5,Dotserve Inc,02/04/2019 13:56,02/04/2029 23:59
2edc9ee5-88f4-4574-9d13-b29fc8d765c6,trade.pro,resell,116,92,5,Dynadot Inc,02/03/2005 00:00,02/03/2026 00:00
719c6228-f615-4b33-87bd-053b5c08d06e,trade.site,available,116,92,5,,,
7e865fe8-550b-49ea-9afc-addda657f914,trade.so,resell,116,92,5,NameCheap,06/06/2021 05:03,06/06/2031 05:03
f6f012e9-fca3-4e5f-948c-1f906f384b44,trade.space,available,116,92,5,,,
07cd5ebf-2a14-475d-b8e5-b935af79109d,trade.store,available,116,92,5,,,
0be2755a-defa-4d54-9d97-1559ba70d084,trade.tech,available,116,92,5,,,
c4a329bf-1f5e-4ab4-8d4a-ff4bdf59a584,trade.us,resell,116,92,5,Porkbun,24/04/2002 14:01,23/04/2026 23:59
dee17421-3806-4db9-823f-b150717aa1c7,consulting.at,available,72,84,10,,,
a006a7c4-e7e4-4089-b972-47b7f0168ed6,consulting.cloud,resell,72,84,10,Tucows Domains Inc.,12/02/2020 14:39,13/02/2026 14:18
206389f2-7fb8-46e7-aebf-36ca8f62d1d7,consulting.expert,available,72,84,10,,,
f4582d06-fa6e-4141-8f80-98985aa30b76,consulting.gg,resell,72,84,10,"NameCheap, Inc (https://www.namecheap.com)",,
8fe92a99-e4ad-4987-8eab-0cd02d0cf4f9,consulting.io,resell,72,84,10,Dynadot11 LLC,08/12/2018 10:18,08/12/2025 10:18
ed1426e6-577b-4462-90a9-3221a0cd9e70,consulting.me,premium,72,84,10,,,
0e778dac-b547-4c65-96d4-d4ed7e50031d,consulting.online,premium,72,84,10,,,
537047a6-5d0d-4437-8b13-dc507575483a,consulting.pro,resell,72,84,10,"Spaceship, Inc.",06/05/2023 15:15,06/05/2026 15:15
5458ba97-849a-4cd8-b9c3-4d79211dbefe,consulting.site,premium,72,84,10,,,
5fa0715f-cc42-461b-80a1-58cc8af3b945,consulting.space,available,72,84,10,,,
00f6622a-efbd-49d6-85a5-7feda882bde2,consulting.store,premium,72,84,10,,,
60e49390-85c3-4245-96c8-f5927a1a8a20,consulting.xyz,premium,72,84,10,,,
4eeca7f4-c6d5-43c6-a6c9-a8311d1a4d27,bookkeeping.me,expiring,60,88,11,Mesh Digital Limited,18/07/2008 11:03,18/07/2025 11:03
a5f7ec29-e923-49c5-b6fb-f81032a357c1,bookkeeping.ninja,expiring,60,88,11,"GoDaddy.com, LLC",06/07/2020 20:50,06/07/2025 20:50
8b9030e5-3c9c-4b6f-b288-f71cfa530b0a,bookkeeping.online,available,60,88,11,,,
79f79131-8ebb-4f1b-ae3b-8a49ab63b82e,bookkeeping.site,available,60,88,11,,,
99abed27-1760-4a56-bb5c-8e3bc5df8e51,bookkeeping.so,available,60,88,11,,,
df52a637-67c2-43a1-acaf-9b459e1fc5a0,bookkeeping.space,available,60,88,11,,,
f2307238-55c6-41c5-b2f6-41d3b153b2b8,bookkeeping.store,available,60,88,11,,,
1c477949-44b3-48df-a7b2-cf3f10a98c7b,bookkeeping.tech,available,60,88,11,,,
2ae8ec54-bd42-4495-b83c-1fa04fad5ea5,bookkeeping.us,expiring,60,88,11,Dynadot Inc,09/07/2005 17:08,08/07/2025 23:59
3ca260c6-52c0-456f-b396-b2bc1bf41a37,bookkeeping.zone,resell,60,88,11,"NameCheap, Inc.",15/08/2024 22:47,15/08/2025 22:47
ab13b513-3d47-4933-81fe-18200e33cb67,auditing.at,available,56,76,8,,,
e7b97307-7dc3-4703-88cf-d6fa134be23f,auditing.cloud,available,56,76,8,,,
499a9080-1e28-4a60-a724-2a85331694ee,auditing.co,resell,56,76,8,Hello Internet Corp.,24/02/2010 22:57,23/02/2026 23:59
8e032c64-1dab-49d5-b468-b430e6c2d5a9,auditing.dev,available,56,76,8,,,
40e17205-10c1-4dd5-ba0b-a6ec7cc057e5,auditing.expert,available,56,76,8,,,
7df5aaa4-b5a0-48cf-89ab-0b5700f09ee6,auditing.gg,available,56,76,8,,,
c5bb988c-48a6-4b0f-b91c-bd8770f4dd27,auditing.it,resell,56,76,8,,08/11/2012 01:39,25/02/2026 00:00
5d867bf3-3162-45e2-aa60-505754aa5d84,auditing.ninja,available,56,76,8,,,
9251472f-681e-48b3-9ce6-db58fd2acf2a,auditing.online,available,56,76,8,,,
b9ef864c-cb7a-4f9d-ab09-10acbd711555,auditing.org,resell,56,76,8,Dynadot Inc,19/11/1996 05:00,18/11/2027 05:00
106ea2a6-64ce-461d-9360-534604df23b3,auditing.pro,resell,56,76,8,Epik LLC,25/05/2023 17:00,25/05/2026 17:00
d8b68a87-2668-4690-abb0-1cdf3c1634ae,auditing.site,expired,56,76,8,Atak Domain Bilgi Teknolojileri A.Ş.,27/05/2024 16:29,27/05/2025 23:59
390a5fd4-0409-4bea-931a-ed92b16bb194,auditing.so,available,56,76,8,,,
76d5e06b-091c-4647-9d03-2667971b7c82,auditing.store,available,56,76,8,,,
92aee36a-3135-430e-bd10-29bdfdfa29bf,auditing.tech,expiring,56,76,8,"Go Daddy, LLC",06/07/2023 03:13,06/07/2025 23:59
b59e1a79-7d68-4353-bf00-a67500bb26a8,auditing.us,resell,56,76,8,"GoDaddy.com, LLC",24/04/2002 14:11,23/04/2026 23:59
a66759e5-6327-4663-af1c-25449201a283,auditing.xyz,resell,56,76,8,TLD Registrar Solutions Ltd,22/10/2014 00:46,22/10/2029 23:59
13ffa4eb-72c3-431f-b0f8-9924d8242cae,auditing.zone,available,56,76,8,,,
2411e0a8-ec9a-4e66-be1c-bd93ef5fe1a2,staffing.cloud,resell,66,80,8,GoDaddy,16/02/2016 15:00,16/02/2026 15:00
71a907bb-5a0c-4e0b-a7bb-c5658ac9cff1,staffing.co,resell,66,80,8,"GoDaddy.com, LLC",09/09/2010 15:11,08/09/2025 23:59
5d238fdc-cdb5-4327-b5bb-e22acd557b58,staffing.expert,resell,66,80,8,"GoDaddy.com, LLC",13/05/2014 22:20,13/05/2026 22:20
2661f02e-2ac1-4796-8491-2fc05ff33630,staffing.gg,available,66,80,8,,,
1e9db63b-ef83-4d8d-adeb-90d3b0e97b5b,staffing.it,expiring,66,80,8,,03/07/2012 23:20,23/07/2025 00:00
eead3734-d069-451f-ac15-db0e4aa7cc6c,staffing.me,available,66,80,8,,,
0105b2bd-10a1-4270-8936-9ec7716f8da5,staffing.pro,expiring,66,80,8,Epik LLC,26/07/2018 10:17,26/07/2025 10:17
f0d4687a-8102-4a56-94c3-f2fc72337d07,staffing.site,available,66,80,8,,,
262d882e-d46c-445c-9aa7-a399fe3fa2ed,staffing.space,available,66,80,8,,,
37621f25-931a-4743-9f40-7cc8aa817ea5,staffing.store,available,66,80,8,,,
8ae00d87-6a03-484e-9847-3d19a0ac1250,staffing.tech,available,66,80,8,,,
7ffab1d6-2912-4943-a31d-fd5b3ab92042,staffing.us,expiring,66,80,8,"GoDaddy.com, LLC",10/07/2011 18:05,09/07/2025 23:59
a61850cb-3875-4850-9a26-946ee04df0ab,training.cloud,premium,70,88,8,,,
4bd4842f-4644-49d3-bf94-28348c943153,training.dev,premium,70,88,8,,,
754e0bd1-23d9-464d-9d21-764318381a8f,training.it,expiring,70,88,8,,10/01/1997 00:00,29/07/2025 00:00
ccf86dfe-f40c-434c-834a-9afe6c5231bb,training.me,premium,70,88,8,,,
eb7fee7e-142b-40b6-93fc-23f2425fb109,training.online,premium,70,88,8,,,
31888faf-8bae-474f-82c1-925be09c2d9a,training.pro,resell,70,88,8,Porkbun LLC,02/03/2005 00:00,02/03/2026 00:00
760afe27-3b6d-4338-8a25-810a7c7794aa,training.site,premium,70,88,8,,,
5c59e59e-bfc0-45e3-af89-b4db938d67bc,training.so,resell,70,88,8,SOSTEC TECHNOLOGIES_LR,19/06/2024 05:42,19/06/2026 05:42
fad07601-443b-46bc-b6e3-2f0cd412c2f4,training.space,premium,70,88,8,,,
9e0b49c6-34a9-4e12-93bc-2e0b8d8dec02,training.store,premium,70,88,8,,,
18904504-415a-4914-be80-bb6b17e784fe,training.tech,premium,70,88,8,,,
94b268b3-231a-4785-aa02-36e3987c6424,coaching.at,available,64,84,8,,,
b4adbf15-759a-4d30-97f2-210e8420f477,coaching.cloud,available,64,84,8,,,
abc4eb53-2847-41c0-bd62-b0fc88feb931,coaching.gg,resell,64,84,8,Chang Wen Ling t/a private.tw (http://www.private.tw),,
d19cf8de-cb2c-49cf-b62d-cd7beb8a80c2,coaching.me,resell,64,84,8,Virtualia LLC,26/05/2024 15:15,26/05/2026 15:15
0cb6aaad-a1d5-4f4d-acf9-a8c24f05d3db,coaching.online,available,64,84,8,,,
22f4e634-9c92-45ec-91ec-536097ddd4b9,coaching.site,available,64,84,8,,,
5c07a0ca-6b2d-4610-8103-7865a3750474,coaching.store,available,64,84,8,,,
8116791e-624d-47c1-b62d-cdf128f1bf11,coaching.tech,available,64,84,8,,,
e373c781-2461-4d80-989d-63e1cd9368b6,coaching.us,resell,64,84,8,"GoDaddy.com, LLC",10/07/2013 18:02,09/07/2026 23:59
3b79df4d-e240-4e70-8bc9-f4d6d8d880ad,coaching.xyz,resell,64,84,8,"Go Daddy, LLC",01/05/2025 16:16,01/05/2026 23:59
4b877ab6-d72e-453e-adf0-8273c3091489,mentoring.at,sold,74,80,9,Hetzner Online GmbH ( https://nic.at/registrar/225 ),,
70c1a825-2318-4fa7-a87a-0a9530048a54,mentoring.co,resell,74,80,9,Dynadot Inc,31/01/2018 17:00,31/01/2026 17:00
da0da2b2-4e93-48e5-871c-ac137502c053,mentoring.io,resell,74,80,9,"GoDaddy.com, LLC",23/03/2019 10:18,23/03/2026 10:18
c76ac9c5-fbc4-4929-ae7e-bcfb8a6a1dc2,mentoring.net,resell,74,80,9,"TurnCommerce, Inc. DBA NameBright.com",20/11/1998 05:00,19/11/2025 05:00
5886f156-d8c0-435d-801e-9866b21764be,mentoring.ninja,available,74,80,9,,,
ea3bbcc7-54e6-4459-91f6-d9e22e8625c5,mentoring.online,premium,74,80,9,,,
af05b518-2384-4ceb-b9c5-c720cfeb0ded,mentoring.pro,resell,74,80,9,"GKG.NET, INC.",09/02/2021 14:30,09/02/2026 14:30
2ccea8e0-7846-42ef-8221-4404c7cfec2a,mentoring.so,available,74,80,9,,,
9605792a-adc4-4722-9691-4732b87b36e9,mentoring.store,expiring,74,80,9,Communigal Communications Ltd,15/07/2024 03:05,15/07/2025 23:59
88c5c042-efb4-48ff-8409-32f9710ef6af,mentoring.tech,available,74,80,9,,,
7510a994-fa6d-4242-8842-6bee9bc059b9,mentoring.us,resell,74,80,9,"GoDaddy.com, LLC",05/08/2019 00:01,05/08/2026 00:01
b4f82efc-d313-47fe-a4df-fcd0e316bc83,advertising.at,resell,76,84,11,DomainQuadrat Marketing GmbH ( https://nic.at/registrar/581 ),,
1f95f675-5619-4b73-bf31-505e27f98aaa,advertising.cloud,resell,76,84,11,Tucows Domains Inc.,12/02/2020 14:39,13/02/2026 14:15
cc2b6930-da64-44ce-81c9-f61d200f175b,advertising.dev,premium,76,84,11,,,
57f70938-76c0-4c8f-8d5b-cd096050a2b6,advertising.expert,premium,76,84,11,,,
756cc019-d1a6-4ec7-9d3c-79708a05e96d,advertising.io,resell,76,84,11,Divido Ltd,05/01/2008 13:57,30/04/2027 12:00
2845bcfc-f22a-454d-a343-d0386705a17b,advertising.ninja,premium,76,84,11,,,
5a03eb3f-018e-4e64-8582-d8a9c22d76b4,advertising.online,premium,76,84,11,,,
58501b0e-791c-4727-8d2c-ef89ed099a50,advertising.site,premium,76,84,11,,,
8f5d94a6-a1c8-4172-b22a-1ab8ffaaed21,advertising.so,available,76,84,11,,,
d3c00d13-6ebf-4001-b576-fffcbf505a1c,advertising.space,premium,76,84,11,,,
76f7fd4b-ae00-48c2-a07e-5643d5b24008,advertising.store,premium,76,84,11,,,
9f4dc62c-5db1-42e1-a050-1b74c53ba08e,advertising.us,resell,76,84,11,Porkbun,24/04/2002 14:00,23/04/2026 23:59
6995e47d-4b04-42b4-9b6e-73b2b8a376a0,advertising.xyz,resell,76,84,11,Edomains LLC,02/06/2014 12:31,02/06/2026 23:59
904cc15b-b030-4e5f-96dd-ae3318b7c451,branding.at,sold,66,88,8,http.net Internet GmbH ( https://nic.at/registrar/380 ),,
a17d87f8-9b97-45f2-b6b3-f86e5b59c0dd,branding.cloud,available,66,88,8,,,
6ca6cac2-8ac0-4ef8-95e9-16899f7603a4,branding.gg,expired,66,88,8,"NameCheap, Inc (https://www.namecheap.com)",,
3e190938-7b92-4398-8993-244a1f45d62e,branding.ninja,available,66,88,8,,,
e131c996-313e-4261-b381-99f14954cb9e,branding.online,available,66,88,8,,,
8e55f182-7604-475c-ada2-e705758bda9a,branding.org,resell,66,88,8,"GoDaddy.com, LLC",20/03/2002 19:22,20/03/2028 19:22
7fa65d31-ab9d-4bf4-924f-f6da984c5eae,branding.pro,resell,66,88,8,"EnCirca, Inc.",14/05/2008 00:00,14/05/2026 00:00
adfbfaf6-4756-4ccf-b406-55f8854c8db4,branding.site,available,66,88,8,,,
da90646d-d43d-451b-b45e-7ebb5a4df59f,branding.space,available,66,88,8,,,
905a663c-20af-47be-9cbf-02da1e63f06e,branding.store,available,66,88,8,,,
d09e0c0f-65c8-438b-8070-109c1384a96b,branding.us,resell,66,88,8,"GoDaddy.com, LLC",24/04/2002 14:05,23/04/2026 23:59
52db6a71-5a11-4297-973f-a3a76a64f0ba,customerservice.app,expiring,66,48,16,Squarespace Domains II LLC.,28/07/2023 15:04,28/07/2025 15:04
dd1d989e-c0ed-4e34-86f2-628f68e45669,customerservice.cloud,available,66,48,16,,,
37483336-2653-4e98-9f82-04be1f465f74,customerservice.dev,available,66,48,16,,,
8070ee6b-e42e-4af5-87c3-4227a285902a,customerservice.expert,available,66,48,16,,,
c592f227-1112-4c3f-a9cf-f00df06733d6,customerservice.gg,available,66,48,16,,,
581d200f-eeb5-4060-9ac1-ec1f1571f11c,customerservice.ninja,available,66,48,16,,,
62f09fe2-f9fc-492f-a978-ddfc5b0b8de6,customerservice.org,resell,66,48,16,"TurnCommerce, Inc. DBA NameBright.com",09/12/1999 14:48,09/12/2025 14:48
86fc30f5-0d04-4243-8148-7eb49ddb5a1b,customerservice.site,expiring,66,48,16,VIRTUA DRUG Kutatási Szolgáltató Korlátolt Felelősségű Társaság,30/07/2024 01:44,30/07/2025 23:59
f4589619-9a01-4eae-b2fe-32606592c989,customerservice.so,available,66,48,16,,,
6f0a3b60-d748-438f-8e16-6ac4f19c14a4,customerservice.tech,available,66,48,16,,,
93d625f1-4890-4f04-96b3-0b1f38fd2608,customerservice.us,resell,66,48,16,"GoDaddy.com, LLC",09/07/2013 18:29,08/07/2026 23:59
8c607655-425d-4bac-a02f-0bad6b0a3cdc,customerservice.xyz,resell,66,48,16,"Go Daddy, LLC",02/06/2014 17:01,02/06/2026 23:59
9fbc8179-2ce5-4cb9-ba88-4c7b6fdf19dc,customerservice.zone,available,66,48,16,,,
240c54c0-552b-407f-9617-12eb0d6b7848,customersupport.app,expired,66,64,16,1API GmbH,07/05/2018 19:41,07/05/2025 19:41
d654bf7c-b30b-426e-a323-cd84245204ce,customersupport.at,available,66,64,16,,,
0282b085-a179-40f7-b5ae-a6b2bde43320,customersupport.dev,available,66,64,16,,,
5ac9ef0f-bcd8-4777-9b93-5afbea378453,customersupport.gg,available,66,64,16,,,
cbe29196-3f21-4d16-a44d-58ef89ad51c5,customersupport.it,expired,66,64,16,,09/06/2021 09:00,25/06/2025 00:00
c1866889-50ac-4b7c-b8a7-57befa4b1e37,customersupport.ninja,available,66,64,16,,,
7a81425f-d5d6-4ad0-a93a-c7369b1d744f,customersupport.pro,expiring,66,64,16,"Sav.com, LLC - 4",18/07/2024 17:00,18/07/2025 17:00
4a6562f4-15ad-46ed-8c4c-0623197761a9,customersupport.so,available,66,64,16,,,
46141f04-10f3-45ea-bf6f-4c58cbacf5b8,customersupport.zone,available,66,64,16,,,
c016bad1-4cc7-478e-a3ce-6a981298f007,webhosting.app,expiring,,60,11,Dynadot LLC.,21/07/2019 08:51,21/07/2025 08:51
66f0b2a9-6130-4a41-9a5a-1300f7605bf1,webhosting.cloud,available,,60,11,,,
4599e9ce-c56e-460d-96ee-ce673015d078,webhosting.dev,available,,60,11,,,
cfbbaa3d-522b-4683-8bfe-f101647c55c9,webhosting.io,resell,,60,11,"eNom, LLC",20/09/2005 18:32,20/09/2025 18:32
85584712-854d-4903-9702-16573e2f71c8,webhosting.online,available,,60,11,,,
f6a8f9f0-1acc-44cc-bfdc-db3da9440264,webhosting.site,available,,60,11,,,
831dea86-641e-4912-920d-71fbc740ba35,webhosting.space,available,,60,11,,,
76337131-9b58-4021-8ed1-ab1c6375aadd,webhosting.store,available,,60,11,,,
b5e0523c-8f3f-47e2-b2b9-2f91275e5867,webhosting.tech,available,,60,11,,,
28664701-8573-4a7b-9ed9-7aeb19e4c48c,webhosting.xyz,available,,60,11,,,
c73776cb-d4ee-4d1c-a6a4-3da245e7aaa9,development.at,premium,62,84,11,,,
30d159fe-8883-447d-ba23-9679a0a6c949,development.cloud,premium,62,84,11,,,
699a6171-f03f-4fd9-a998-19fd9106c083,development.expert,expired,62,84,11,Nom-iq Ltd. dba COM LAUDE,14/05/2014 16:00,14/05/2025 16:00
8eb7c37d-8585-462b-8672-bfaeedd13248,development.gg,resell,62,84,11,Enrapture Limited (https://enrapture.gg),,
d5e5dc54-8128-4093-b962-e84a30680283,development.me,expiring,62,84,11,"GoDaddy.com, LLC",09/07/2008 17:03,09/07/2025 17:03
dd18b25a-0ada-428c-9461-e04ac6440a87,development.online,premium,62,84,11,,,
37789032-6dad-4ac0-8bbd-583130c03fde,development.so,expired,62,84,11,,,
f76b8a92-4776-4500-bcbc-65549a47efed,development.space,premium,62,84,11,,,
60096ec4-079d-4887-beac-b7e9ce6ca30d,development.store,premium,62,84,11,,,
955a09a3-32e2-49bc-9cf1-70def7ddad86,development.tech,premium,62,84,11,,,
807895dd-f09e-421c-87cd-5d44abd56ed8,development.xyz,resell,62,84,11,"Go Daddy, LLC",02/06/2014 17:02,02/06/2026 23:59
73571861-ae9e-4c62-899f-55fe1fbf6802,customer.app,expiring,74,96,8,Namecheap Inc.,26/07/2023 12:05,26/07/2025 12:05
6af0343d-1dc9-4c14-9dce-635715a5a8ab,customer.at,available,74,96,8,,,
c168a2ae-3a06-49e9-9588-d58bf31d6713,customer.cloud,available,74,96,8,,,
cc935e96-b7ee-4bad-b3f8-ef309626e080,customer.expert,expiring,74,96,8,Squarespace Domains II LLC,25/07/2023 21:08,25/07/2025 21:08
cf9fd0db-9421-4aeb-a21a-23791598503e,customer.online,available,74,96,8,,,
e9c122f1-49bb-478a-9eb9-a42954cf69cd,customer.site,available,74,96,8,,,
b49496fe-4d06-4338-b2f8-6dc7402e6516,customer.space,available,74,96,8,,,
faa6ae27-ad0b-42fe-9419-5f4f4945ac22,customer.store,available,74,96,8,,,
23bb4551-936e-4054-b09c-cf72124211f4,customer.tech,available,74,96,8,,,
87484826-71d2-4f6a-8752-f5b22a4aeda5,web.at,sold,72,92,3,NimmNEM GmbH ( https://nic.at/registrar/176 ),,
3fbd6566-3be3-43fd-aeb6-d8964d9cdf8c,web.cloud,available,72,92,3,,,
a69ab57b-6d7d-44f8-a853-bd1de76a1dfa,web.co,available,72,92,3,,,
9b2548f2-2008-4785-b3d7-b0fdbbde219c,web.expert,resell,72,92,3,"Global Domains International, Inc. DBA DomainCostClub.com",12/07/2015 16:00,12/07/2026 16:00
cf83060a-3ec7-4d22-a6de-9ab0a6f3e131,web.online,available,72,92,3,,,
bde7861d-517e-4f51-bba0-e56b6ab8827e,web.pro,available,72,92,3,,,
4c7ac949-9ac6-40fd-b4eb-57866e3ec4df,web.site,resell,62,92,3,Dotserve Inc,16/02/2021 19:40,16/02/2029 23:59
8760aa4c-37a2-42f5-9248-9d4a78f70ea0,web.space,resell,72,92,3,Radix FZC,08/01/2020 06:06,08/01/2026 23:59
3860d403-1e10-4165-8297-3318d34cc2d5,web.store,resell,72,92,3,Dotserve Inc,23/12/2016 11:19,23/12/2029 23:59
6133d7a5-f5bc-479b-9c04-1f8f5c1e6246,web.tech,available,72,92,3,,,
802c5691-e975-4b6d-925c-f4d541af7c51,analytics.cloud,premium,64,60,9,,,
8c2ed6e4-5c45-4e0b-b956-875e8f40236e,analytics.expert,premium,64,60,9,,,
248dc395-1ae5-4602-a826-78fee3fdc877,analytics.me,expiring,64,60,9,Dynadot Inc,17/07/2008 22:28,17/07/2025 22:28
8089545e-ed8e-4657-a216-90e2e204507b,analytics.online,premium,64,60,9,,,
3dbab315-e3ad-40fe-a6fa-1d7fe992d240,analytics.pro,resell,64,60,9,"Spaceship, Inc.",01/02/2016 22:25,01/02/2026 22:25
f2635163-d546-4610-9e90-7ebd9e5a3679,analytics.site,premium,64,60,9,,,
00f2bfd8-8a4c-45ec-a221-2a73562b42ed,analytics.so,resell,64,60,9,SOSTEC TECHNOLOGIES_LR,17/07/2024 05:01,17/07/2026 05:01
f6d9742b-7e9e-4f2a-beb8-ddc76b3222a6,analytics.store,premium,64,60,9,,,
77f403f5-20e0-4fab-b22c-1e779d121558,analytics.tech,available,64,60,9,,,
04f5ca7d-4820-453e-a038-e08ffa6acaf3,analytics.xyz,resell,64,60,9,"Sav.com, LLC",20/05/2014 12:07,20/05/2026 23:59
40c3251c-5c87-41f9-8ead-4ffe9e57217d,planning.at,available,70,80,8,,,
1b409849-a0c6-4809-a908-964bcc8a8611,planning.co,available,70,80,8,,,
617a5d8d-22e6-4bf4-9574-97271beaf35b,planning.dev,available,70,80,8,,,
60075a2a-0ed7-44db-8bb1-80d55db72908,planning.expert,expired,70,80,8,"Go Canada Domains, LLC",11/05/2014 16:00,11/05/2025 16:00
cc26bf98-9400-4a27-acca-a0e71c33e666,planning.it,expiring,70,80,8,,05/03/1996 00:00,28/07/2025 00:00
2085a21e-b97c-4d6a-baf4-217f9af989e7,planning.me,expiring,70,80,8,OVH SAS,17/07/2008 15:00,17/07/2025 15:00
5bf8c83a-e137-447f-a6c0-c9e28c54855f,planning.ninja,available,70,80,8,,,
3006c72d-99b1-4eef-b3fb-3b3d2224504f,planning.pro,resell,70,80,8,"GoDaddy.com, LLC",13/12/2007 00:00,13/12/2025 00:00
23efa104-80fd-470c-a06c-e04a84ae0d00,planning.site,available,70,80,8,,,
aebf540a-b1e7-459d-a975-0435933f0542,planning.so,expired,70,80,8,Dotname Korea Corp.,01/06/2011 00:00,01/06/2019 00:00
87a0e4d7-0b8a-4b20-8f61-03bad745df41,planning.space,resell,70,80,8,"Go Daddy, LLC",14/03/2024 22:59,14/03/2026 23:59
37f9a367-4288-4bb4-87cb-755f25a9526c,planning.store,available,70,80,8,,,
07c1bae1-8802-4b59-9830-e9932da773bf,planning.tech,available,70,80,8,,,
b0d9fe34-f828-4420-b46e-1123c964297e,advisory.ac,available,80,17,8,,,
656174d3-f074-41d0-be45-d46074f36b29,advisory.accountant,available,80,17,8,,,
6a1d0bc2-9bdb-4690-92a1-3eb23e1a38e9,advisory.accountants,available,80,17,8,,,
ddc7250d-b7ce-4a69-bd79-12c2efd2efa2,advisory.actor,available,80,17,8,,,
f2c695af-8473-4da5-a982-9fd2df6d2346,advisory.adult,available,80,17,8,,,
c5e56a7e-ec64-45a0-b340-71bf299a5345,advisory.airforce,available,80,17,8,,,
61fa871a-a963-4fef-b8aa-e8bcedbd791b,advisory.apartments,available,80,17,8,,,
d0d9712b-6019-404f-a3de-864fab3e72b4,advisory.archi,available,80,17,8,,,
51d97bf1-8bc6-4c01-9e66-c32dfeb2ccbf,advisory.army,available,80,17,8,,,
22c934b8-5039-49d0-8d8c-74575bfb545c,advisory.associates,available,80,17,8,,,
e8eda627-21ed-4516-8613-331b5283ea1b,advisory.at,premium,80,17,8,,,
ea38b295-fcaf-47fd-858b-a39ff36be686,advisory.attorney,available,80,17,8,,,
0ce3fbb7-9f3d-46fa-9875-578300dc0eea,advisory.auction,available,80,17,8,,,
694fe78b-b9f1-4f72-af2b-c8d5f39b9c8d,advisory.audio,available,80,17,8,,,
2dd62b1a-58fa-4a85-a52d-3e120afb69db,advisory.auto,available,80,17,8,,,
f553dfe6-4e82-4660-8f1c-f39badaec5ed,advisory.autos,available,80,17,8,,,
5a9f2cd7-c8ac-41d6-bc1f-50c0e2397680,advisory.baby,available,80,17,8,,,
565703c1-61cc-4e7e-97a5-9b97d5e4ac23,advisory.band,available,80,17,8,,,
12de47ab-3c80-4440-8257-54ef613fc35e,advisory.bar,available,80,17,8,,,
7c7f8c91-d2e2-4814-a2c8-8ce8f3c93f12,advisory.bargains,available,80,17,8,,,
0fc78203-aec8-4a80-9389-fd2f5a71c171,advisory.bayern,available,80,17,8,,,
0d28ce08-0d89-4c69-bff8-50842d6a12bb,advisory.beauty,available,80,17,8,,,
6a11e9ac-960a-47e4-af2c-80326ea219fa,advisory.beer,available,80,17,8,,,
3881b69c-a685-449f-810d-b564a8effd08,advisory.berlin,available,80,17,8,,,
40c96841-09b0-4927-aa9d-3bde1ea00363,advisory.best,available,80,17,8,,,
5ff14020-5623-49e4-a994-cffb3a7f3608,advisory.bet,available,80,17,8,,,
7c6dbffc-47f0-4855-81b3-3dfc6c74eb1b,advisory.bid,available,80,17,8,,,
a61cd8b4-f0f8-4633-8b1e-c7627bbc532c,advisory.bike,available,80,17,8,,,
21dd21e4-162c-40bb-94ee-8c69eb7ffa2d,advisory.bingo,available,80,17,8,,,
0c1a6c62-2a05-42e0-ad26-a539ffbfb22d,advisory.black,available,80,17,8,,,
9b82a387-21ea-464f-852b-4e0d963128f1,advisory.blackfriday,available,80,17,8,,,
4e599743-cada-4512-b367-e0827cf781fb,advisory.blog,resell,80,17,8,"Go Daddy, LLC",07/12/2024 22:34,07/12/2025 23:59
57933ac2-82bf-4b63-9715-30c562f4df00,advisory.blue,available,80,17,8,,,
5e2e5b84-cb30-4eef-9da5-9a2644174d5d,advisory.boats,available,80,17,8,,,
79df02d4-41e2-480a-b3aa-38ee4ec90758,advisory.bond,available,80,17,8,,,
e153a80c-c52a-4612-b5e0-b2f8e5bb033e,advisory.boo,available,80,17,8,,,
23f298b0-c89d-4ff8-87e7-b3211faf1c73,advisory.boston,available,80,17,8,,,
77f25256-51e3-46eb-ab30-c584cadcff1a,advisory.boutique,available,80,17,8,,,
a6078469-80d9-4bd6-a839-67f08d1f2f44,advisory.build,available,80,17,8,,,
b009c2d8-0c6c-49f5-8c2f-09dcdd484ada,advisory.builders,available,80,17,8,,,
734446d1-6fd8-4165-9a68-3b9a946f77dd,advisory.buzz,available,80,17,8,,,
7e7b82d3-2035-4325-929a-3a2cf4fc26ef,advisory.bz,available,80,17,8,,,
7e776f2f-4d77-4468-961a-1f37a7c0d3d3,advisory.ca,expiring,80,17,8,Webnames.ca Inc.,17/09/2002 14:48,17/09/2025 04:00
67758bd9-004a-4171-8e2a-cb82c028e5cd,advisory.cab,available,80,17,8,,,
ce5a3ae9-eacb-4e5a-a1f0-6acd435cda4e,advisory.cafe,available,80,17,8,,,
41a1b71a-23f7-4b91-89d6-89a5991d3bd2,advisory.cam,available,80,17,8,,,
52a02dd8-fbd0-449e-abc6-fa532f9ba6c1,advisory.camera,available,80,17,8,,,
4ea45963-de11-44a9-853f-914381e80c19,advisory.camp,available,80,17,8,,,
762bec55-37f8-4e52-ab4b-ebae18578ed9,advisory.car,available,80,17,8,,,
84ee6e5d-c28c-4449-a6ad-ae706e56ffc7,advisory.cards,available,80,17,8,,,
e4ba5458-0089-4abc-bd45-784e06f6c3ec,advisory.care,available,80,17,8,,,
3e7520c1-3f48-47b8-8521-92f1dcb671a3,advisory.careers,available,80,17,8,,,
18b69f94-f667-40b0-9f76-2df90736cafc,advisory.cars,available,80,17,8,,,
c6815334-9a3c-43f3-91b6-f18b7fdbe451,advisory.casa,available,80,17,8,,,
49932fc4-2955-4787-bca1-0ab2663675e2,advisory.cash,available,80,17,8,,,
773597fa-112a-40cd-aeac-6998f5f62757,advisory.casino,available,80,17,8,,,
dfe608d9-e130-4aac-962e-18c6dd7117ba,advisory.catering,available,80,17,8,,,
1b9aee06-59fa-4b42-b498-cbb1ba222e2b,advisory.cfd,expiring,80,17,8,Dynadot LLC,17/09/2024 10:23,17/09/2025 23:59
4e18e4af-9770-4eb0-a614-49a3fd4ad566,advisory.charity,available,80,17,8,,,
500b2450-2ce6-48f8-8b34-a1834118ab3f,advisory.cheap,available,80,17,8,,,
76387190-dfb7-495c-962e-8ee2e9a5003e,advisory.christmas,available,80,17,8,,,
8c8c5084-408f-4c52-aeba-03c0dcdefb4c,advisory.church,available,80,17,8,,,
e5f42958-b016-413c-80af-6adbd381c782,advisory.city,available,80,17,8,,,
83a98eaf-e6ba-43e9-b63b-4b96c88367ae,advisory.claims,available,80,17,8,,,
4801258c-02fc-4dca-b7a6-a5302752331d,advisory.cleaning,available,80,17,8,,,
5bf0a484-0cf6-49f3-89ad-dee08d0d4029,advisory.click,available,80,17,8,,,
74113915-3ace-4cbe-823d-dd6487370831,advisory.clinic,available,80,17,8,,,
99ef45a2-536f-43c0-bf4f-061c0762ec0f,advisory.clothing,available,80,17,8,,,
700fd37b-03e6-41b9-a642-20530a1a47e2,advisory.club,available,80,17,8,,,
580a1358-bc20-4897-bf2e-be6ffbea3ae4,advisory.co,expiring,80,17,8,Dynadot Inc,20/09/2012 18:02,19/09/2025 23:59
4113af8d-5561-4cf8-a65e-b38cb5c9a9d2,advisory.codes,available,80,17,8,,,
f64ec5fb-b4ea-45be-86a5-1a475cee9154,advisory.coffee,available,80,17,8,,,
6d8231bb-23bf-457c-a554-557b0e98cf93,advisory.college,available,80,17,8,,,
d09c9146-3e20-4e7e-9857-3adf732d39e3,advisory.community,available,80,17,8,,,
16036d8c-2787-46f7-9e7f-157bf8bd976c,advisory.computer,available,80,17,8,,,
38732491-81b8-4b52-b7a3-300ae8d58118,advisory.condos,available,80,17,8,,,
27f298a9-402f-4bf6-96b6-85957866f275,advisory.construction,available,80,17,8,,,
7b7155c3-b8ac-443b-9d3a-c571bb0d6e11,advisory.consulting,expiring,80,17,8,Squarespace Domains II LLC,23/09/2019 12:23,23/09/2025 12:23
37a30acf-b3f4-47ec-a597-b5389c352112,advisory.contact,available,80,17,8,,,
27f86e68-6c41-4621-a416-4dbdf5595031,advisory.contractors,available,80,17,8,,,
421570e5-e6ef-4367-a453-a3ffe6c3969d,advisory.cooking,available,80,17,8,,,
23517e2f-b9bb-4f88-8d13-d37a67124256,advisory.cool,available,80,17,8,,,
98096c7f-af6a-4a0a-bb26-25d6eadc425f,advisory.country,available,80,17,8,,,
fc8b6051-b0b8-4a99-b124-70f64954a622,advisory.coupons,available,80,17,8,,,
77c923e1-fc30-4b18-b4b7-e3a15e50ed0e,advisory.courses,available,80,17,8,,,
efc911d0-6338-4f77-8f5a-e2470f2e1dd0,advisory.credit,available,80,17,8,,,
be9e7c9f-1be3-4f98-83b1-52c4455cdb9f,advisory.creditcard,available,80,17,8,,,
e58e83b0-e5f6-493c-a01b-65dd73176504,advisory.cricket,available,80,17,8,,,
59d1d5e4-9595-4c76-99e8-16cc5e3d29b0,advisory.cruises,available,80,17,8,,,
ac1476a2-72e0-4bad-830a-7b367e7306c1,advisory.cx,available,80,17,8,,,
af4cbcd4-9de4-4289-acf1-04cb1f0554b2,advisory.cyou,available,80,17,8,,,
2e84c3bd-423f-4260-b718-bef98ab20dbe,advisory.dad,available,80,17,8,,,
18d12139-6a9b-493f-ae42-64149d7f1d10,advisory.dance,available,80,17,8,,,
c1b8865e-6ea4-4c42-8f9c-7a53c5b559ef,advisory.date,available,80,17,8,,,
f2d1a62a-b9d1-42cd-95e5-67262c5daea9,advisory.dating,available,80,17,8,,,
aa8156b5-f827-40f9-92f7-72d8cb5929b8,advisory.day,available,80,17,8,,,
3be2d5bc-d602-4005-b5c4-435f03614ba2,advisory.dealer,available,80,17,8,,,
b3086c71-ddbd-492b-9cd0-235705b42519,advisory.deals,available,80,17,8,,,
6f8118c5-31db-40cf-ac02-42f41319acbb,advisory.degree,available,80,17,8,,,
e2f78d94-56f9-4700-a72d-3bbdce0155b1,advisory.delivery,available,80,17,8,,,
d185067e-0938-4d18-ae45-aceb12281786,advisory.democrat,available,80,17,8,,,
8b922ce8-445e-4b2f-8bd2-5214f292075e,advisory.dental,available,80,17,8,,,
419667b4-a1d7-401f-aa0e-f10ca56bf49a,advisory.dentist,available,80,17,8,,,
dbf0a9f8-1e6b-4e79-b48e-5fd23d25eeff,advisory.dev,premium,80,17,8,,,
920968be-4384-4a34-b947-6112a9cd36bf,advisory.diamonds,available,80,17,8,,,
f0dcf0ba-acc8-416b-8db0-c55ad5498610,advisory.diet,available,80,17,8,,,
fecad3ae-2c7c-4846-87c8-ea358d1c038d,advisory.digital,resell,80,17,8,IONOS SE,28/03/2024 15:15,28/03/2026 15:15
d6b5cf85-e8c6-45d4-9185-3a8566afc2c0,advisory.direct,available,80,17,8,,,
5865c90d-60d7-409e-a39e-0b5b01796267,advisory.directory,available,80,17,8,,,
9bcb6241-58c1-4e2e-aca4-a4866522e57e,advisory.discount,available,80,17,8,,,
6cf9dcb4-1f82-4910-957c-37b52217ea0f,advisory.diy,available,80,17,8,,,
5c0e5dbe-ac57-4fee-887e-a36e052573d6,advisory.dog,available,80,17,8,,,
5e7e2c41-1f9e-4228-9942-15d9e1d625b6,advisory.domains,available,80,17,8,,,
a828ab51-730e-470f-9ded-1c624f4e34f5,advisory.download,available,80,17,8,,,
056913c2-8dea-4296-8c1f-4e78974b22d3,advisory.education,available,80,17,8,,,
7131b418-dcb3-4845-b763-6379db94b246,advisory.engineer,available,80,17,8,,,
9f8079ad-4255-4f82-aba7-1f6da387d301,advisory.enterprises,available,80,17,8,,,
de570d85-74f0-4cec-9c8f-5cc3bc5ca4de,advisory.equipment,available,80,17,8,,,
10d55220-88fc-49dc-b723-ab05a715ef23,advisory.esq,available,80,17,8,,,
ddd10f81-eefd-4f4b-abb2-0b51b787f4f9,advisory.events,available,80,17,8,,,
b2568ba5-690c-4fe6-b839-75cfa90d7be9,advisory.exchange,available,80,17,8,,,
6a776d4b-c277-4c03-8c51-388a8b2c1ed3,advisory.exposed,available,80,17,8,,,
71e90284-006b-414a-a2ca-b88c592b4487,advisory.express,available,80,17,8,,,
c3ed7765-27dd-474b-a5f2-3754d0c9e1bd,advisory.fail,available,80,17,8,,,
bdf0ee71-f325-4862-9a1c-d6cd1635df31,advisory.faith,available,80,17,8,,,
d33d3242-3f7d-425a-85a4-9bc5241d1ce9,advisory.family,available,80,17,8,,,
3ebf39f0-e7ec-4038-b8de-fba78d63c1cf,advisory.fan,available,80,17,8,,,
fa48243d-f7ab-42a3-99cb-846fe7a3b6e0,advisory.fans,available,80,17,8,,,
aeb2b8d1-54a8-4420-9cee-7fc5071f382c,advisory.farm,available,80,17,8,,,
99b72f66-ecd3-449d-a9cb-957db4e7dbff,advisory.fashion,available,80,17,8,,,
72073185-fc7f-46ef-abff-cac67516935b,advisory.film,available,80,17,8,,,
4dedd57b-6b55-4edd-ae3a-02886447b82f,advisory.financial,available,80,17,8,,,
805f2850-79d7-44ea-b4ad-c0dd55deda50,advisory.fish,available,80,17,8,,,
3c024460-56f6-4369-b67b-1a7e23d4c4d8,advisory.fishing,available,80,17,8,,,
53ae80f7-626c-4d26-9dcc-31ab68c642d5,advisory.fitness,available,80,17,8,,,
ad7376f7-1ad8-4f9c-8aeb-536c8fcf7a18,advisory.flights,available,80,17,8,,,
dab288d7-e1c8-4d85-8d0f-632bd301bda4,advisory.florist,available,80,17,8,,,
4b7dd700-3038-47d5-985d-40e4e38c217b,advisory.flowers,available,80,17,8,,,
c9931174-02d4-4256-99be-aa213b2a020c,advisory.fm,available,80,17,8,,,
b8a753e8-e5e5-4f74-ab28-ed838dac6c2d,advisory.foo,available,80,17,8,,,
30a8955e-37c5-484f-8016-8174158d4afa,advisory.food,available,80,17,8,,,
e843d18e-6c39-4615-94ac-5b138ff2c0c5,advisory.football,available,80,17,8,,,
880b19ee-78cb-4bf5-a37c-b7c721e84af3,advisory.forsale,available,80,17,8,,,
7f2be3c6-2a4e-443f-b5f7-aa368481792f,advisory.forum,available,80,17,8,,,
5343128d-115f-4f63-9cf5-5283c3948820,advisory.foundation,available,80,17,8,,,
774c3863-3528-4917-851e-131c32317b75,advisory.fun,available,80,17,8,,,
62de162c-dcb5-4a62-8076-0538ea1b5967,advisory.fund,available,80,17,8,,,
8ac4a4c3-b2ac-4272-8628-317170c2f556,advisory.furniture,available,80,17,8,,,
76357254-e31c-4047-af74-20f5716ff9e4,advisory.futbol,available,80,17,8,,,
769ea49e-58a2-4417-a803-1ecc2137d266,advisory.fyi,resell,80,17,8,"GoDaddy.com, LLC",31/03/2025 19:40,31/03/2026 19:40
6174eb10-ee14-4b2b-b013-34f37a5de1bc,advisory.gallery,available,80,17,8,,,
7190abbf-eace-4552-a1a7-9c5d9e211fb6,advisory.game,available,80,17,8,,,
cc1400e0-910b-4f0a-bde6-966f76c550f0,advisory.games,available,80,17,8,,,
5c2367e8-b6af-478c-8c9f-3a3cb7d7e168,advisory.garden,available,80,17,8,,,
b343f7d6-81c9-4636-84ac-6a5b3ccdc176,advisory.gay,available,80,17,8,,,
5e941891-9a57-40ba-a9dd-3afc15fd9656,advisory.gg,available,80,17,8,,,
20d91ba6-bb8c-43f9-8f83-d890654b20d2,advisory.gift,available,80,17,8,,,
896e51b9-ac3e-40c8-9bc9-94b4c3642c18,advisory.gifts,available,80,17,8,,,
972cb699-cb6e-4227-a3b7-4848041976d6,advisory.gives,available,80,17,8,,,
39dac810-df02-46cd-ab7c-d8e62c6c6543,advisory.giving,available,80,17,8,,,
8cb747a1-cb89-4947-95e1-4ae75dad57c9,advisory.glass,available,80,17,8,,,
a7fa46c0-6534-4fad-b2e5-ac23eda59ffb,advisory.global,available,80,17,8,,,
07ffbfd1-f1f5-4753-885b-d87ecc292af4,advisory.gmbh,available,80,17,8,,,
f3c05a67-cefd-4455-b25d-db46f83dcc6e,advisory.gold,available,80,17,8,,,
478ff99a-c517-4998-8317-8b8a92537995,advisory.golf,available,80,17,8,,,
3bc2418c-97c9-4f11-ab28-1fe22300fed2,advisory.graphics,available,80,17,8,,,
c3369f73-6097-421b-a417-f68658abb950,advisory.gratis,available,80,17,8,,,
068916ab-1226-470b-a997-5914f2f8cc93,advisory.green,available,80,17,8,,,
96fe149d-4738-42d5-b406-3ec9664784b5,advisory.gripe,available,80,17,8,,,
45746857-3fe4-4762-bcfa-9ac07c31d649,advisory.guide,available,80,17,8,,,
652ba462-7f83-4f79-9ef8-8644943728d5,advisory.guitars,available,80,17,8,,,
88f6a1f9-e2ee-4c1c-968b-63d879b2ba1d,advisory.guru,expired,80,17,8,"Sav.com, LLC - 44",26/06/2024 17:00,26/06/2025 17:00
8d1d8241-43b5-46e9-81cb-99e2788f4673,advisory.hair,available,80,17,8,,,
2d925be7-5074-4a2e-b04c-61d2ac01f3f3,advisory.haus,available,80,17,8,,,
c3c90206-2797-4682-aad6-9f0447f616e2,advisory.health,available,80,17,8,,,
b8d2861d-f103-4960-a91b-fa2a24822f82,advisory.healthcare,available,80,17,8,,,
deb82bb9-7146-42a7-86ee-c14b96b1d497,advisory.hiphop,available,80,17,8,,,
856b0020-1319-49a0-b81b-047e2fbb6612,advisory.hiv,available,80,17,8,,,
49e6909f-a186-48ca-8527-3ac491b4ba9e,advisory.hockey,available,80,17,8,,,
a3af42b3-b609-4803-9716-efab736f96e4,advisory.holdings,available,80,17,8,,,
dd8af97c-5096-4529-adaa-8feb6b19f1f7,advisory.holiday,available,80,17,8,,,
18f2a8a9-1d16-41cb-a658-b74a99af31b5,advisory.homes,available,80,17,8,,,
9b6e5471-d985-4251-bf0b-a59dc9dd43ea,advisory.horse,available,80,17,8,,,
341ca4de-b382-4269-9a94-bf1ddb2394d4,advisory.hospital,available,80,17,8,,,
9cbf08ca-59d7-4758-97e9-bb917f71f4ff,advisory.host,available,80,17,8,,,
54b32a98-9682-4c2b-8d9d-a1485afdba0a,advisory.hosting,available,80,17,8,,,
1ff28d1c-e22e-4125-8835-34e2c1e070dd,advisory.hot,available,80,17,8,,,
ce64515a-574b-437e-bd51-03b85ee5a816,advisory.house,available,80,17,8,,,
96d9fca0-da44-4723-967b-3da7c0723711,advisory.how,available,80,17,8,,,
c2b10461-0cef-482d-ae37-36587787dea9,advisory.icu,available,80,17,8,,,
6a52a636-9516-438a-b76d-5eee7f88b3d3,advisory.im,available,80,17,8,,,
aa7afff8-daad-4c61-93a9-98e86109e33e,advisory.immobilien,available,80,17,8,,,
8b815199-0849-43d7-a8b0-d8701d93e80e,advisory.industries,available,80,17,8,,,
5c39a86b-cb42-4c24-8e91-83c6e8802196,advisory.info,expiring,80,17,8,NameSecure L.L.C.,15/09/2001 16:24,15/09/2025 16:24
dc1ab05d-ebfb-4812-adbc-79c3a1b85010,advisory.ing,available,80,17,8,,,
ff6fab21-c84c-4aba-aecf-5714fc77ab7a,advisory.ink,available,80,17,8,,,
f4f050ff-cbbe-4c2f-a5c8-85e34f814829,advisory.institute,expiring,80,17,8,"GoDaddy.com, LLC",30/08/2024 09:54,30/08/2025 09:54
b399da5a-74e4-4262-9c36-c6d274503fb4,advisory.insure,available,80,17,8,,,
bd7d6c0b-524c-4199-ad15-bc8f341b9ba1,advisory.investments,available,80,17,8,,,
b33cef78-01ff-4e2f-943b-6065c9e9bdee,advisory.irish,available,80,17,8,,,
1c977910-2b64-4dae-926c-0b753c2677b5,advisory.jetzt,available,80,17,8,,,
dfbd570f-7843-40a1-80c7-53a6cf75df6f,advisory.jewelry,available,80,17,8,,,
9989fe1a-1c2a-41c2-b1ec-0a7b6d11f7d3,advisory.juegos,available,80,17,8,,,
4e335208-72b1-4039-b571-557b02a15371,advisory.kaufen,available,80,17,8,,,
51667b9b-6e3a-4b4a-a528-439635541b31,advisory.kids,available,80,17,8,,,
b40974da-bd28-48cf-9d22-3ff025086854,advisory.kim,available,80,17,8,,,
fe827d6d-a9d5-441b-b150-f78e6de073ce,advisory.kitchen,available,80,17,8,,,
9e97438e-e93f-45fb-8b27-ca94272ee268,advisory.land,available,80,17,8,,,
f3b21ca5-a355-446b-9520-ba57782ef119,advisory.lat,available,80,17,8,,,
4b96fba0-c462-4cf3-b1b0-e3414e7ea802,advisory.law,available,80,17,8,,,
ed43aad9-919a-4f60-ad3d-045caee7e0f9,advisory.lease,available,80,17,8,,,
411cc199-51a6-4b51-9803-5e7025891019,advisory.legal,available,80,17,8,,,
1f9096e7-4a5d-43f3-a583-89ccf4280b43,advisory.lgbt,available,80,17,8,,,
efdc1f9e-7ba7-431c-b9b0-3820e514857d,advisory.life,expiring,80,17,8,"Chengdu West Dimension Digital Technology Co., Ltd.",24/09/2019 13:40,24/09/2025 13:40
b3a28075-d70c-46dc-9e06-62f0695307eb,advisory.lifestyle,available,80,17,8,,,
27e2247d-571b-47b2-9634-7115bd62273e,advisory.lighting,available,80,17,8,,,
428a04bf-6b49-42c5-ba07-f40c93bf51e5,advisory.limo,available,80,17,8,,,
ee6c22f6-d2d9-4b64-9de0-944de7227228,advisory.link,available,80,17,8,,,
55a8fa8b-7335-49cc-b267-836e8079cbfa,advisory.live,resell,80,17,8,"Sav.com, LLC",24/12/2024 17:19,24/12/2025 17:19
d29f0712-2f97-4e90-a22a-cdf2bb26a3aa,advisory.living,available,80,17,8,,,
927f4129-5bf0-41bf-8d59-c71cd9a402be,advisory.loan,available,80,17,8,,,
c5a22129-9d2d-492f-8bf9-a94a592881d1,advisory.loans,available,80,17,8,,,
49fd42e2-4515-4bfb-8c3c-23a21fdaf78a,advisory.locker,available,80,17,8,,,
88e58445-2d0b-4c57-b745-0670cf5fb67b,advisory.lol,available,80,17,8,,,
5998ffe1-b0a9-4935-b065-3a13ae0319d8,advisory.london,expired,80,17,8,Namecheap,14/07/2024 17:22,14/07/2025 23:59
5f276255-dfe1-49db-9c87-64ca197590d7,advisory.love,available,80,17,8,,,
938155ea-e280-43af-bcdd-6a99603f6c0b,advisory.ltda,available,80,17,8,,,
4b8593bf-e589-4172-bef4-88fb108735b6,advisory.luxe,available,80,17,8,,,
73c6771c-0303-4c4e-9992-d19dfb4fe97d,advisory.luxury,available,80,17,8,,,
dbed4a2a-3e23-426b-b308-a5d9391c6d1e,advisory.maison,available,80,17,8,,,
4f2359b3-40e5-4960-b532-92cd9f6e48db,advisory.makeup,available,80,17,8,,,
4532e672-8c0a-4f15-8f26-efb7ad50fc7f,advisory.mba,available,80,17,8,,,
22f2dc2c-3be8-443b-b5a1-f06a918f4d0b,advisory.me,resell,80,17,8,Dynadot Inc,12/03/2019 07:10,12/03/2026 07:10
db740f0e-39dc-4255-abc1-cbb9e844e403,advisory.media,available,80,17,8,,,
4e9b2b10-4aae-492d-a25c-4db1a6a23b4e,advisory.melbourne,available,80,17,8,,,
f46c8687-b306-47ea-9016-7264f799b13a,advisory.meme,available,80,17,8,,,
001ea5df-b657-4254-9a65-381fd991fa10,advisory.memorial,available,80,17,8,,,
815fed41-923c-45a0-b150-4409a4ce7823,advisory.men,available,80,17,8,,,
4eafbbd2-26a1-49cf-9fdd-b0636b1ec21b,advisory.menu,available,80,17,8,,,
1193cb3c-98cc-4408-a90c-002e221429ae,advisory.miami,available,80,17,8,,,
cbe50b78-6b01-4d6f-a606-c7d64c5667c5,advisory.mobi,available,80,17,8,,,
1be79113-6fb6-4446-b388-b2e706932ae4,advisory.moda,available,80,17,8,,,
7a4e2515-f5ea-45a6-ac53-842c4586f705,advisory.moe,available,80,17,8,,,
48c5e675-2582-41bb-890c-0a4624466e28,advisory.mom,available,80,17,8,,,
b0dbc279-419f-4471-a37d-363c71c95f03,advisory.monster,available,80,17,8,,,
6a88ca16-5782-47bd-8316-6a5a90b612f2,advisory.mortgage,available,80,17,8,,,
39e86b5f-5c3e-4a3d-9a7b-f4c577fe2bd0,advisory.motorcycles,available,80,17,8,,,
1e730b84-17e8-478a-b20e-6b2035238a87,advisory.mov,available,80,17,8,,,
d44e375a-46ff-4cfc-adfb-63bfd54ee841,advisory.movie,available,80,17,8,,,
400418bc-d959-4d73-88e5-0ba7f0e6791a,advisory.music,available,80,17,8,,,
821386a1-2344-481d-aff3-19f2818ff8a3,advisory.name,available,80,17,8,,,
a94eec87-7f2b-459a-8f49-cbf816f70938,advisory.navy,available,80,17,8,,,
befd23ea-1039-4e37-98f6-5c031b433a19,advisory.network,expiring,80,17,8,Squarespace Domains II LLC,09/09/2020 16:09,09/09/2025 16:09
2e9cba81-0910-4ff6-836a-46a78bef6958,advisory.nexus,available,80,17,8,,,
0f53f607-dfc3-45e5-87c7-600e31cfc601,advisory.ninja,available,80,17,8,,,
2be22fd1-7afe-4d32-9ecc-746645dce28f,advisory.observer,available,80,17,8,,,
2e365e52-fbf7-46bd-9fc4-ae0bf90eec8e,advisory.one,resell,80,17,8,Dynadot Inc,09/01/2025 00:00,09/01/2027 00:00
5e70504e-6f90-40bc-8437-f51bafe9b9f1,advisory.ong,available,80,17,8,,,
a66f8e02-6075-4193-81df-3866587aa338,advisory.onl,available,80,17,8,,,
c912de30-1503-4a51-8da0-2d5d3c52ace2,advisory.online,premium,80,17,8,,,
8fc35bed-1484-44e1-b3d8-96ed8f17d8a4,advisory.ooo,available,80,17,8,,,
8b9287be-615f-4dfe-91e1-602db3eac171,advisory.organic,available,80,17,8,,,
fd8a3a4e-7ddb-46a7-93a5-7ae81e7b4b64,advisory.osaka,available,80,17,8,,,
5845ac87-dbb7-40b4-b867-465ca7140805,advisory.page,available,80,17,8,,,
f6c6e3fb-9e9b-4814-9a49-6b0160cd4cf1,advisory.parts,available,80,17,8,,,
b5517bdf-17f2-4403-a59e-1d403227d9ca,advisory.party,available,80,17,8,,,
4fc1c04f-786e-4690-9532-4a40c913bde3,advisory.pet,available,80,17,8,,,
15220e67-43ec-489c-8b03-78bd18cf658f,advisory.phd,available,80,17,8,,,
826d9321-834b-4775-8cc1-9325a1af6804,advisory.photo,available,80,17,8,,,
69ab5278-2ce0-4481-b41e-e333dc8edf93,advisory.photography,available,80,17,8,,,
7d3fdbe5-ae76-459f-8669-20bcebf25c5c,advisory.photos,available,80,17,8,,,
ef32b1fc-6770-4993-88c0-973adf7af051,advisory.pics,available,80,17,8,,,
9d3a3980-9ce9-49cd-aa60-f9d2255158bd,advisory.pictures,available,80,17,8,,,
8ae2cf1d-98d4-4cb6-9051-a692a3f9f665,advisory.pink,available,80,17,8,,,
b509dfa6-5e12-4b61-8178-fe66cc4e51ac,advisory.pizza,available,80,17,8,,,
62a5cb85-d92f-4c2b-b200-1b9c963497b6,advisory.place,available,80,17,8,,,
3950cbef-32bc-4a9e-8d52-1beef8b6c38e,advisory.plumbing,available,80,17,8,,,
6a17fbcd-e879-4d4d-85fd-ec6646c47ece,advisory.plus,resell,80,17,8,"DNSPod, Inc.",28/06/2021 08:18,28/06/2026 08:18
eb81701c-8e38-4220-8cd0-180f19252478,advisory.poker,available,80,17,8,,,
2a7a95f6-defe-4c72-87a6-aceb1f753f48,advisory.porn,available,80,17,8,,,
8244dfa1-3d73-4c5b-8f9d-2c07789a1d31,advisory.press,available,80,17,8,,,
c6fed5c7-de80-4ce5-98f6-b5edf8ba9178,advisory.pro,resell,80,17,8,Virtualia LLC,13/11/2021 14:30,13/11/2025 14:30
2a91718c-cf4e-47fc-a65d-313addc4ad9d,advisory.productions,available,80,17,8,,,
6afe6c0a-d92a-4bc1-b15e-302b14f7d3e5,advisory.prof,available,80,17,8,,,
61e6fa9e-afc1-4a29-a16d-1895e0d88d13,advisory.promo,available,80,17,8,,,
4f8c0ed2-eded-4d61-9713-611bf0b681b0,advisory.properties,available,80,17,8,,,
b6c6356f-89d9-46a7-a78e-66f87deaaf81,advisory.protection,available,80,17,8,,,
d838f3ab-ead6-4913-9f15-b7cdda66260b,advisory.pub,available,80,17,8,,,
9e56b2ec-8de0-484d-b038-260f97ab419a,advisory.pw,expiring,80,17,8,"Unstoppable Domains, Inc.",16/09/2024 20:52,16/09/2025 23:59
7b40a27c-4574-4244-b534-5975d23b606c,advisory.qpon,available,80,17,8,,,
0ae928bc-877d-4a49-89bd-03ce2fd45e5d,advisory.quest,available,80,17,8,,,
56b3d322-52ef-4463-a607-b90e74a6a24d,advisory.racing,available,80,17,8,,,
58f3f8bf-bfed-4748-acbb-ada5c90aebed,advisory.realty,available,80,17,8,,,
40751aa0-beb2-48c0-91e8-f6b4bf4e1422,advisory.recipes,available,80,17,8,,,
8985b918-f400-44a3-a2c8-1e6b8d498685,advisory.red,available,80,17,8,,,
21fe31bf-1c4d-4aef-8545-63dc0f5a64ed,advisory.rehab,available,80,17,8,,,
f7957a8b-0e25-4eb6-8d2f-4052f0f837f4,advisory.reise,available,80,17,8,,,
555025ad-b9ab-4bf6-9d27-7e34323e69c1,advisory.reisen,available,80,17,8,,,
1a01c1b2-9766-4185-8823-14c6b4834738,advisory.rent,available,80,17,8,,,
2a36183d-6774-4df1-afc7-4e6c144b3ec1,advisory.rentals,available,80,17,8,,,
40e169d1-9ad7-45d0-a92a-a5a38be54033,advisory.repair,available,80,17,8,,,
7e50e915-2d38-48be-b6d3-c7fca6153849,advisory.republican,available,80,17,8,,,
c514b058-9452-4a70-93fe-5572dd7bc89c,advisory.rest,available,80,17,8,,,
2125d9e0-837f-4e61-a89a-31d56c634cd1,advisory.restaurant,available,80,17,8,,,
b98247fe-4501-407b-92db-fd6fbe60df32,advisory.review,available,80,17,8,,,
76f7bdd3-dd99-4591-b87d-3951d786d53f,advisory.reviews,available,80,17,8,,,
19c6a50f-218b-4c22-aa3d-254fe09fcdf1,advisory.rich,available,80,17,8,,,
e70d3825-99d6-445d-8ad2-d70fce24454b,advisory.rip,available,80,17,8,,,
56cbf4a7-d58f-40e7-8c78-c6a584c198c0,advisory.rocks,available,80,17,8,,,
9ee146da-63ee-4182-8488-886f474ed68b,advisory.rodeo,available,80,17,8,,,
1087dfbe-a3bd-4cdf-a406-4bd4b6c0f091,advisory.rsvp,available,80,17,8,,,
469d7bb5-389e-45cb-bf1f-9b8d8fa0b97e,advisory.run,available,80,17,8,,,
883ebfe4-8c14-4742-9ca0-6dce94b2788d,advisory.sale,available,80,17,8,,,
ff07d1a4-696f-4100-8b67-e29ee1cc0630,advisory.salon,available,80,17,8,,,
2cda69f9-9161-4820-8663-2bf3f7307cb3,advisory.sarl,available,80,17,8,,,
8e369384-84aa-43fe-9607-b475118b1563,advisory.school,available,80,17,8,,,
234db883-5f35-4f17-82a4-509a8bbe8c22,advisory.schule,available,80,17,8,,,
0b109d29-3189-45da-b30f-09d3245947da,advisory.science,available,80,17,8,,,
e5402a90-bf78-4a90-9a3a-6109b2e8cd74,advisory.security,available,80,17,8,,,
09f9c9fb-7443-4d40-8158-a063455603a1,advisory.sexy,available,80,17,8,,,
33f91be4-480c-4ef1-86ec-23052097b32c,advisory.sh,available,80,17,8,,,
8a82ab22-0697-438e-93e4-b1c8cb061c39,advisory.shiksha,available,80,17,8,,,
fce5fb07-e286-42c5-82e2-319077e95955,advisory.shoes,available,80,17,8,,,
41f4a97f-2b18-499d-b007-7489bda3f28b,advisory.shopping,available,80,17,8,,,
9276b2bf-1572-4c53-8014-070546968cf4,advisory.show,available,80,17,8,,,
7966ebe9-e7f8-41fb-85d9-643e1c719702,advisory.singles,available,80,17,8,,,
a8a2bb7f-e79d-4d99-bcf5-c0aeda03e3ae,advisory.site,premium,80,17,8,,,
1b43c3b3-bd1c-4f2d-a961-1dcfdb413f5a,advisory.ski,available,80,17,8,,,
f608f2a7-cec7-455f-a513-38a29303de21,advisory.skin,available,80,17,8,,,
1cfb4964-d0f5-46f1-ba44-4252dcc65bf6,advisory.so,available,80,17,8,,,
dab5e70f-ce80-4763-aa61-8d4fae56ad85,advisory.soccer,available,80,17,8,,,
d5de988a-f893-48ae-b4d0-28caf11e5cdc,advisory.social,available,80,17,8,,,
afa5339c-2485-4f88-b45f-7b3635e653c3,advisory.software,available,80,17,8,,,
e01d10b3-833f-48ab-aebf-e9b72c5f28eb,advisory.solar,available,80,17,8,,,
c19a3c53-9fd6-4879-865e-3dd4ad08ed8f,advisory.solutions,resell,80,17,8,"GoDaddy.com, LLC",07/12/2024 22:34,07/12/2025 22:34
d79aa2ed-a5c0-43f9-9c55-ff91e968ff52,advisory.soy,available,80,17,8,,,
5d71e409-965e-4c37-a214-78f392b793a7,advisory.space,premium,80,17,8,,,
159bf2fe-a8ed-411c-b02d-0355444ff94e,advisory.spot,available,80,17,8,,,
f2238949-618b-493a-a61a-0916fbbca673,advisory.srl,available,80,17,8,,,
3b8ee82c-0f6f-4317-85ce-fa95f8fefa98,advisory.storage,available,80,17,8,,,
b26fa160-4044-4b7f-bba2-4cba9f9acb80,advisory.store,premium,80,17,8,,,
9d638b96-723e-44f4-8113-c022e9a587d7,advisory.stream,available,80,17,8,,,
174bcdbc-51c9-461e-863e-dbbd9d37e8b9,advisory.study,available,80,17,8,,,
60391dca-a70e-4b2d-9189-d76ddbd082ea,advisory.style,available,80,17,8,,,
9aa3b67c-ef69-4888-8e91-dabc98632f6b,advisory.sucks,available,80,17,8,,,
941673fa-96be-4c4c-939a-ae77849c9349,advisory.supplies,available,80,17,8,,,
3aa64093-ef0e-41d7-8e13-3bc6637c2d6a,advisory.supply,available,80,17,8,,,
644a7b49-905d-4c55-b118-485ca60d3cc1,advisory.support,available,80,17,8,,,
c51b0040-74ec-4755-9c7d-bfe7bdfca63c,advisory.surf,available,80,17,8,,,
6179b2f5-1479-4728-aeb1-6c4857c777b5,advisory.surgery,available,80,17,8,,,
01bc00c5-155c-45f1-a244-d4b6aa85482d,advisory.sydney,available,80,17,8,,,
7acddf1c-c83d-40fd-b401-80cc566b4fa7,advisory.tattoo,available,80,17,8,,,
f7d36e51-4464-4e1c-bf0c-88d10c54813e,advisory.tax,resell,80,17,8,Dynadot Inc,27/06/2025 18:07,27/06/2026 18:07
d83f9319-d5a4-41f8-9c2a-80d148624b3b,advisory.taxi,available,80,17,8,,,
2a538ad7-bef8-4a3b-9bd4-6ddca53f67e6,advisory.tech,premium,80,17,8,,,
4c492c91-91d6-4d5c-aaf7-c518a7723301,advisory.technology,expiring,80,17,8,"Nicnames, Inc.",22/09/2024 09:01,22/09/2025 09:01
e54e1b20-3450-49c5-bd91-ad78591b0202,advisory.tennis,available,80,17,8,,,
ef728ddc-af2d-48d6-87ce-42f0c382ba99,advisory.theater,available,80,17,8,,,
b4b68b4b-3edc-420a-897b-5b6fbe185dbe,advisory.theatre,available,80,17,8,,,
85524e24-704f-4a28-9ab8-f557486485f6,advisory.tickets,available,80,17,8,,,
cb21f0ea-744a-426e-ab7f-13162a393b2a,advisory.tienda,available,80,17,8,,,
da7e6899-0800-4062-9472-c7bba93f6def,advisory.tips,available,80,17,8,,,
def998b3-1187-4451-8820-3bbda2522d6a,advisory.tires,available,80,17,8,,,
3d0ee96f-0c94-4704-8fa0-b18463a3d771,advisory.tours,available,80,17,8,,,
6dd70354-23e0-4bbc-b346-c3c09d4ce58f,advisory.town,available,80,17,8,,,
2f310478-49f8-4dc5-a103-5da806cb5162,advisory.toys,available,80,17,8,,,
f182942e-ed84-4050-88e8-8401df903c02,advisory.tube,available,80,17,8,,,
a334aad5-da90-47e2-91f8-b64a4b570c40,advisory.tv,available,80,17,8,,,
f392daab-fd7d-46e7-8f2d-a08db9391708,advisory.university,available,80,17,8,,,
09b1fbcf-70dc-4633-b0e4-b865b6ab16cc,advisory.uno,available,80,17,8,,,
4c1ed2ee-b108-4b66-805c-b40545b34b6a,advisory.vacations,available,80,17,8,,,
a262e49a-252d-41a2-8fb8-8553bdec2259,advisory.vana,available,80,17,8,,,
838b664b-8650-4c0a-a95e-c06d9b6b322c,advisory.vc,resell,80,17,8,Backordr LLC,23/09/2022 01:05,23/09/2026 01:05
2cc0fdcc-ee4b-4bad-88b3-ecf4fb4dc674,advisory.vegas,available,80,17,8,,,
fc4f3bb3-f7a0-42fb-9681-74e99b64eab7,advisory.ventures,expired,80,17,8,"NameCheap, Inc.",08/07/2024 19:18,08/07/2025 19:18
4c79c505-8801-4a88-845f-f9611b1732da,advisory.vet,available,80,17,8,,,
a56612d0-247c-4072-9882-671eac72a6a6,advisory.viajes,available,80,17,8,,,
5eab51dd-0b1a-44b8-a657-a11ba79fe72e,advisory.video,available,80,17,8,,,
6070d654-a442-4b0c-86aa-e7c922c511cd,advisory.villas,available,80,17,8,,,
4360a364-a903-499c-b94d-d2e53cfb68eb,advisory.vin,available,80,17,8,,,
86b11bf5-0e4e-4a14-ba80-94fbb7f9e207,advisory.vip,available,80,17,8,,,
e6ed680a-e0be-4620-bfc5-600f2745ab8a,advisory.vodka,available,80,17,8,,,
13e32a80-4fcf-48b7-9cbb-4ac5427e9515,advisory.vote,available,80,17,8,,,
8f8407e2-9a2d-41bd-b74a-b65e40b6aeac,advisory.voting,available,80,17,8,,,
0d9f18f8-fb45-4985-a253-8d09a4fd7126,advisory.voto,available,80,17,8,,,
cb53a5e6-119a-4058-b805-5383a779076c,advisory.voyage,available,80,17,8,,,
9d5f5f04-7ae8-49ec-b148-c11d5d7e9d4d,advisory.watch,available,80,17,8,,,
4794aab8-d203-4f4e-a4e3-23d750aec1a2,advisory.webcam,available,80,17,8,,,
82bfec9d-b4e4-43d9-a6f4-fb324c41c1ca,advisory.website,available,80,17,8,,,
0913c865-a503-4e9e-bc77-6b6d7c55ba1c,advisory.wedding,available,80,17,8,,,
b2d77b4d-9b52-42f8-8ccd-bbffe0983a77,advisory.wiki,available,80,17,8,,,
61841d9a-0346-49ea-8106-3271cca5d4f5,advisory.win,available,80,17,8,,,
333eecd0-237b-4f2c-a338-b5b9a85b3b9a,advisory.wine,available,80,17,8,,,
68815dfb-a5f6-426f-b370-05fdd2603772,advisory.work,available,80,17,8,,,
bffdfab1-396d-46f5-8432-46d5da45d301,advisory.world,resell,80,17,8,"Sav.com, LLC - 18",12/10/2024 15:15,12/10/2025 15:15
71e36697-e345-4a4e-aeff-76414081ff9b,advisory.wtf,available,80,17,8,,,
84da82db-fdc5-4f18-a88b-e268702f0856,advisory.xyz,sold,80,17,8,Dynadot LLC,10/11/2017 06:09,10/11/2029 23:59
ed2c2494-81b0-4a21-aace-1cbf134014b3,advisory.yoga,available,80,17,8,,,
00ee7e15-1f22-4061-b6e1-b59161c01298,advisory.zip,available,80,17,8,,,
56ee3aa1-1a5f-4d40-88ad-5800be59cc4a,marketing.at,available,74,84,9,,,
7b2a0cbb-47e0-45dc-b3fe-e1c0515477a1,marketing.cloud,available,74,84,9,,,
fb9e2783-1519-433d-9bd3-7d69f90e9a0b,marketing.expert,expiring,74,84,9,"Go China Domains, LLC",12/07/2015 16:00,12/07/2025 16:00
08df2273-cb1f-41d4-9dbb-d8390d2e2a1a,marketing.gg,resell,74,84,9,Chang Wen Ling t/a private.tw (http://www.private.tw),,
5ab4e54d-c350-43ae-9057-94843f195bd1,marketing.me,resell,74,84,9,RegistryGate GmbH,17/04/2023 15:56,17/04/2026 15:56
b0d7e672-70a1-4ab7-82d2-39dee6c33d93,marketing.online,available,74,84,9,,,
c0f33a6e-3380-4b3e-a31a-e82baadbb86c,marketing.site,available,74,84,9,,,
cec5a897-3df4-4c53-9db5-10efc1691ceb,marketing.space,available,74,84,9,,,
cbae1ae2-ec88-49cd-97cd-e85f01c522f6,marketing.tech,available,74,84,9,,,
275a0d80-e20b-4679-911a-b4d1505bcbf5,marketing.us,resell,74,84,9,"GoDaddy.com, LLC",24/04/2002 14:00,23/04/2027 23:59
d5f0621f-20cb-462c-94be-56fe3d78a13f,marketing.zone,available,74,84,9,,,
90b03025-3b72-4a50-9f23-cc24200ef0b3,strategy.at,available,74,88,8,,,
525ac8bc-79cc-4de1-9dc4-017a7ca3c948,strategy.cloud,available,74,88,8,,,
c77c7b2a-1b0b-4af0-b469-ae1548c383ba,strategy.online,available,74,88,8,,,
9f759304-f182-4e4c-8644-550ec65dc704,strategy.pro,resell,74,88,8,"GKG.NET, INC.",03/07/2017 10:10,03/07/2026 10:10
6012030d-b7be-4d6f-a5f5-e32d7030c84f,strategy.site,available,74,88,8,,,
7f621f9e-9099-4398-b69d-cd3a8a4c9e31,strategy.so,resell,74,88,8,NameCheap,23/06/2020 15:48,23/06/2026 15:48
ff98e9d0-d6da-4ad8-b643-da6b7f0425f4,strategy.space,available,74,88,8,,,
b6a6fc8e-c35a-4c2c-b398-02fa63d1431e,strategy.store,available,74,88,8,,,
6b97cae3-f081-45d4-985a-794233c4385d,strategy.us,resell,74,88,8,"GoDaddy.com, LLC",28/04/2004 17:17,27/04/2026 23:59
41357862-6795-4ab2-bdd7-1197dd23e442,financial.ac,expiring,62,21,9,Key-Systems GmbH,30/08/2010 15:54,30/08/2025 15:54
b538d145-c5ba-406a-9ab6-a3487df62f55,financial.accountant,available,62,21,9,,,
4e6d14f1-2e21-4986-a4db-17d16457e771,financial.accountants,available,62,21,9,,,
bb7115c1-b0fe-4a97-84c8-1a24ae445b11,financial.actor,available,62,21,9,,,
4f889e14-47b3-4a91-8e05-35dd6004b048,financial.adult,available,62,21,9,,,
fae68d2f-9878-43da-a1f3-2129b7a2d84b,financial.airforce,available,62,21,9,,,
96b44892-0d36-433b-84ca-28ca14634bab,financial.apartments,available,62,21,9,,,
e8deab71-05f9-4eff-a959-0ae29a22cdfe,financial.app,sold,62,21,9,"Sav.com, LLC",18/08/2025 09:24,18/08/2026 09:24
f3cc8484-7a60-4178-a4a2-d3522206b221,financial.archi,available,62,21,9,,,
d95c904e-fa12-4133-b03c-75843ba3f1dc,financial.art,available,62,21,9,,,
4b1e0b80-73fb-41c3-9d96-bfa0cb89597f,financial.asia,resell,62,21,9,1API GmbH,22/02/2008 22:40,22/02/2026 22:40
4c627f9f-0aa8-4bc7-9f67-388a4439b2f8,financial.associates,available,62,21,9,,,
df08abad-2a4c-4d86-9cef-b12494e11a67,financial.at,resell,62,21,9,DomainQuadrat Marketing GmbH ( https://nic.at/registrar/581 ),,
726b275b-d837-4cf4-a5a2-15866241037b,financial.attorney,available,62,21,9,,,
9698fc19-e7f4-48d5-8ac2-fef0c8ad4654,financial.auto,available,62,21,9,,,
ba9d17d7-f767-447d-a292-cfba72606a89,financial.autos,available,62,21,9,,,
84f99568-ad2c-4179-a9c6-6f8c3a4143c9,financial.band,available,62,21,9,,,
56ed0d71-1e9c-4967-85e2-eb53c861fcd0,financial.bar,available,62,21,9,,,
7e9f59c8-0ec8-425d-b996-9dae5fe8f2a4,financial.bargains,available,62,21,9,,,
607705bc-50dd-42fa-8faf-8ca26045b04b,financial.bayern,available,62,21,9,,,
1f542ab7-1929-4ee7-a984-3b7938e72bcc,financial.beauty,available,62,21,9,,,
d6058101-7d75-43b1-b9ef-411a98d403a8,financial.beer,available,62,21,9,,,
ca0d002b-6c9d-4080-afea-10ce8da9ecdf,financial.berlin,available,62,21,9,,,
2f8d0316-484a-4410-b2cf-c61314620019,financial.bid,resell,62,21,9,Porkbun,27/02/2023 22:38,27/02/2026 22:38
d841d280-d66e-474e-b006-4468458a7c28,financial.bike,available,62,21,9,,,
de0d8889-6c85-49f4-a58c-b3221098117e,financial.bingo,available,62,21,9,,,
bec15838-647d-4855-91bd-fba88ef4c320,financial.bio,available,62,21,9,,,
5feaf1ce-2f8e-40a0-abde-a3e8aeeb3a86,financial.biz,available,62,21,9,,,
c2d1f8b0-02fa-44e1-8d85-185cac3a6d82,financial.black,available,62,21,9,,,
73f79a5d-ef89-434b-a70d-f99055e97c8a,financial.blackfriday,available,62,21,9,,,
a0e67675-1487-4a10-8d13-c9af9240e02c,financial.blog,available,62,21,9,,,
8a754c0a-244d-46d2-93ad-9c53dc7f0df0,financial.blue,resell,62,21,9,"DNSPod, Inc.",12/01/2022 17:00,12/01/2026 17:00
c71c6a16-db46-4f3c-b357-23ee1a0e71f6,financial.boats,available,62,21,9,,,
4c17b623-0c50-4f53-a92c-002a0f8513df,financial.boo,available,62,21,9,,,
1685e0c6-2384-4a3a-8538-a18ed6dad211,financial.boston,available,62,21,9,,,
c47badf7-cb17-4aeb-854e-313fbfa101f3,financial.boutique,expiring,62,21,9,"Sav.com, LLC",18/09/2024 17:10,18/09/2025 17:10
ba804c13-b5df-4890-b5a0-dc4cba17fa92,financial.build,available,62,21,9,,,
f8f0b350-101e-40d7-854a-2470f022ae4a,financial.builders,available,62,21,9,,,
a93bdd57-df86-4f0a-aac8-e5faf01d1276,financial.buzz,available,62,21,9,,,
59d66ac1-5ff2-4407-9dac-02e4441e8de5,financial.bz,resell,62,21,9,"NameCheap, Inc.",03/10/2023 20:01,03/10/2025 20:01
6177dce5-88a9-4661-b1e1-c27852a499c8,financial.cab,available,62,21,9,,,
eca22e36-18e2-442f-85db-1b10404fc6d9,financial.cafe,resell,62,21,9,"Xiamen ChinaSource Internet Service Co., Ltd",24/03/2025 15:15,24/03/2026 15:15
5fe72285-7324-4a30-a228-e28219ca107f,financial.cam,expiring,62,21,9,Dynadot LLC,24/09/2024 13:34,24/09/2025 23:59
600eeb2e-384c-4010-bd3f-c8b7c49bfe92,financial.camp,available,62,21,9,,,
4834b6e0-a03b-444c-9afb-8e3faaffff99,financial.car,available,62,21,9,,,
dcbe8751-f6c6-48d7-979d-44165d342723,financial.care,available,62,21,9,,,
bee4cf16-0ed5-461f-b892-e3e019d607de,financial.careers,available,62,21,9,,,
effe1e76-5a4b-44f5-887e-9f1caa361677,financial.cars,available,62,21,9,,,
781d7061-d81b-4ef9-a1a6-0a3ed3386e42,financial.casa,available,62,21,9,,,
f601cc57-f70a-4b1a-9800-982c4d7ecfad,financial.casino,available,62,21,9,,,
08fe14b5-1ab6-4c7b-9541-acc2a1525428,financial.catering,available,62,21,9,,,
d634edad-e402-4495-8369-1a8cf788fffc,financial.cc,resell,62,21,9,Dynadot Inc,03/10/2007 08:00,03/10/2026 08:00
fe6a1ee3-c637-49fb-bdad-21826a742bdf,financial.center,resell,62,21,9,"GoDaddy.com, LLC",11/08/2015 04:45,11/08/2026 04:45
3af6ce4b-45ad-486d-8a34-b3f007a0b555,financial.ceo,available,62,21,9,,,
5e2ee43e-89c0-4f46-b178-7a0741d18ecc,financial.cfd,available,62,21,9,,,
80e260da-ea7d-4a2c-a005-c873f0b9297e,financial.charity,available,62,21,9,,,
ea1b3a72-de56-4a4a-adf7-0e60f43edabc,financial.cheap,available,62,21,9,,,
8c603149-07e3-4ec8-95e7-ad541f997752,financial.christmas,available,62,21,9,,,
80710156-ebf1-488d-b82d-d02492fcd67b,financial.city,available,62,21,9,,,
cd289f59-5a6e-4f54-9e98-0984a7778c17,financial.claims,available,62,21,9,,,
2ad73bdd-72e6-4eb3-a0d6-33e940aadbd9,financial.cleaning,available,62,21,9,,,
8f159a1e-63f2-4591-840c-6e19878a0f77,financial.click,available,62,21,9,,,
97ae2064-9e8d-4094-9485-78b41246a4da,financial.clothing,available,62,21,9,,,
04b583da-3ca2-4c60-9896-34b72524438e,financial.cloud,available,62,21,9,,,
49b73fc6-7465-4576-9e3a-c59583486fd0,financial.co,resell,62,21,9,Hello Internet Corp.,25/02/2010 00:44,24/02/2026 23:59
97947c8a-c31d-4111-9baf-9f4adf199411,financial.codes,available,62,21,9,,,
6e32cd66-33f2-48ee-be27-e63ee50bcd32,financial.college,available,62,21,9,,,
75ac6deb-67a2-4e7b-bcf8-2d930beb6bbd,financial.community,available,62,21,9,,,
6ff0886b-7bd8-4b1e-8df6-b878fa1e74cc,financial.company,resell,62,21,9,"Spaceship, Inc.",21/06/2015 17:09,21/06/2026 17:09
0db17430-bf3e-4070-beb3-03b7d664ae50,financial.computer,expired,62,21,9,"Sav.com, LLC",10/07/2023 01:50,10/07/2025 01:50
17fb706f-d79c-4d73-8b31-f7012c8d3f2c,financial.condos,available,62,21,9,,,
633e659c-08ee-4a0f-af4b-5d30a15329e1,financial.consulting,available,62,21,9,,,
421e5a17-378a-4086-a9aa-dccac4c8f0d9,financial.contractors,available,62,21,9,,,
9f547c4a-36ce-4669-913f-770646d6cda4,financial.cooking,available,62,21,9,,,
e258f407-0c2f-4f09-8e5a-e41cc3aabac4,financial.cool,available,62,21,9,,,
b3a8c037-a1c8-44bd-961f-198cc3c00141,financial.country,available,62,21,9,,,
696b28f8-0d7d-4433-8dc7-c8981a32d5f9,financial.coupons,available,62,21,9,,,
2f45887c-1b98-480f-b6e4-13fadb6b6aca,financial.courses,available,62,21,9,,,
99650e2f-457e-4520-890f-8d8fca40344f,financial.credit,expiring,62,21,9,Dynadot Inc,30/09/2020 01:38,30/09/2025 01:38
34acfb9d-0912-4d43-9703-59b575dd9018,financial.creditcard,available,62,21,9,,,
e1a81763-691d-4aec-ab56-8db8caedaabc,financial.cricket,available,62,21,9,,,
bb6a542a-b6b9-4d73-b4ff-b035505d7bf9,financial.cruises,available,62,21,9,,,
fbfdb0f4-c3e7-4135-a635-4375584fcabd,financial.cx,resell,62,21,9,CentralNic Ltd,03/10/2022 00:00,03/10/2025 09:31
b6f6dd64-3d7c-4168-9d63-21e091880d11,financial.cyou,available,62,21,9,,,
70092471-2731-41e2-b768-91eedcdcbb69,financial.dad,available,62,21,9,,,
67e48d9c-b6c3-4c23-afaf-96540b0f7c56,financial.dance,available,62,21,9,,,
700881b1-b892-4a04-9163-3f1265c4ebeb,financial.date,available,62,21,9,,,
c6564ec6-da82-4666-9202-9f209299dd76,financial.dating,available,62,21,9,,,
7f38d6bb-31b0-4dc8-bfa9-99d9e0d870af,financial.day,available,62,21,9,,,
9b08bd19-8ac5-4b04-9160-b75eeeb78ca7,financial.dealer,available,62,21,9,,,
a0b25562-2a33-4286-830d-a94c7e6cede1,financial.deals,resell,62,21,9,"Sav.com, LLC",11/12/2024 14:00,11/12/2025 14:00
f8a0c192-15c5-4f8d-9c94-77b9e1ed532a,financial.degree,available,62,21,9,,,
d498504a-f211-4fa6-872d-9c58a5949a6f,financial.democrat,available,62,21,9,,,
b883d069-984f-4f2c-a2b7-69b64221a78d,financial.dental,available,62,21,9,,,
9885b417-b66d-467d-8c9f-2d08b1ec873a,financial.dentist,available,62,21,9,,,
00c88d92-3207-4228-a8b0-9370c661cf3a,financial.design,available,62,21,9,,,
ff15173e-c367-4acb-bd64-fbfdbbc78d34,financial.dev,available,62,21,9,,,
e5634db9-a81b-4b94-ad3e-6827eb1594e0,financial.diamonds,available,62,21,9,,,
69292935-c168-4f83-af70-28f91843c0c7,financial.diet,available,62,21,9,,,
8ddc766f-a0f4-4551-98b6-4b5a5c0cea49,financial.direct,expiring,62,21,9,"Key-Systems, LLC",24/09/2014 19:57,24/09/2025 19:57
a3c70b68-5070-4f18-b3b7-d8ba413d5e3d,financial.directory,resell,62,21,9,"Spaceship, Inc.",26/07/2015 07:49,26/07/2026 07:49
ef4373e0-bbbb-403b-a81a-a34c664c05d5,financial.discount,available,62,21,9,,,
38ff0a81-c3a3-445b-914c-32c028cea89d,financial.diy,available,62,21,9,,,
b133d8e4-b39f-4793-8926-644faafb3c88,financial.doctor,available,62,21,9,,,
2ca8634a-d237-4d5c-b4a6-878861b5307c,financial.download,available,62,21,9,,,
12583eea-809b-43b0-a837-031a6fdaf9cf,financial.email,expiring,62,21,9,"GoDaddy.com, LLC",22/09/2015 06:00,22/09/2025 06:00
97922ae8-a777-4854-af3a-fc06688cbddf,financial.energy,resell,62,21,9,"Sav.com, LLC",30/08/2025 02:11,30/08/2026 02:11
1e641b88-3a0d-4a99-96b3-44a4723cdaaf,financial.enterprises,available,62,21,9,,,
6d904ab7-6899-432f-915a-c49d2cd5df40,financial.equipment,resell,62,21,9,Dynadot Inc,12/02/2014 19:33,12/02/2026 19:33
4c7ad9c9-a99a-48f6-b5f6-0b02af36be9d,financial.esq,available,62,21,9,,,
97b2f60a-805b-4887-9c4e-83b3eb0628d8,financial.estate,available,62,21,9,,,
052333d2-3f94-42d2-b239-0136aaa60f31,financial.eu,resell,62,21,9,Name: Greenmark IT GmbH Website: https://www.greenmark-it.de,,
a2ef97c5-176f-46b9-afe9-3027f0621ad4,financial.exchange,available,62,21,9,,,
0f849cc1-352d-40b8-846a-ec30a28ee5c4,financial.expert,expiring,62,21,9,OVH SAS,28/09/2021 19:21,28/09/2025 19:21
3be2ca55-83e6-408f-907f-444ff766efaf,financial.exposed,available,62,21,9,,,
5fc0c474-4941-48d0-9285-96aa4ee4aa62,financial.fail,available,62,21,9,,,
fbdc1989-a346-4bc2-a2e1-861ef48aeeca,financial.faith,available,62,21,9,,,
b77ff6b5-9d36-46a3-a995-d44b0f75dd7f,financial.family,available,62,21,9,,,
858cbf88-1318-4fcd-b273-98edf21424d9,financial.fan,available,62,21,9,,,
b3418e14-be4d-4e66-9d1c-850c45900016,financial.fans,available,62,21,9,,,
c1ced6a0-6f47-4476-97ca-e64d318701a9,financial.farm,available,62,21,9,,,
23f1eb78-1677-48bd-bf8c-afc00a849ae5,financial.fashion,available,62,21,9,,,
ec5c1e89-c2ae-4642-b22a-d2ff36c6a5b1,financial.film,available,62,21,9,,,
9a7c7432-6c75-4010-96a7-d6fbdade6964,financial.finance,resell,62,21,9,Dynadot Inc,26/01/2024 11:55,26/01/2027 11:55
59bf6655-5a73-4ec9-bc05-cf54a74e806f,financial.fish,available,62,21,9,,,
47753212-f1dd-45ed-b8bd-57cb7317f685,financial.fishing,available,62,21,9,,,
fdb474e7-5d2d-4f68-b2fb-b540cbb302cc,financial.flights,available,62,21,9,,,
689de5f3-2909-41f3-ac81-049a71e469fc,financial.florist,available,62,21,9,,,
85934d77-9333-43de-a5d1-835a62c95782,financial.flowers,available,62,21,9,,,
16758846-0c33-4781-bce6-ca09e4376907,financial.fm,available,62,21,9,,,
872918f8-2104-41a7-b236-d4329f9db69a,financial.foo,available,62,21,9,,,
252e4d79-cc55-47b3-804c-2d2ce53a60e8,financial.food,available,62,21,9,,,
f2c7c7f6-0cdc-4306-912c-7f9dcbd026ea,financial.football,available,62,21,9,,,
03bb28f4-f43e-4f70-8703-c5911f9bf708,financial.forsale,available,62,21,9,,,
cb544e6e-61dd-4ea0-933d-466b609f24dc,financial.foundation,resell,62,21,9,"GoDaddy.com, LLC",16/05/2025 01:29,16/05/2026 01:29
c8669b29-6c68-4202-9888-65cf92ce9454,financial.fun,available,62,21,9,,,
73adf41b-7aa8-4cd9-9eda-60c515df42ca,financial.fund,available,62,21,9,,,
1e247381-099d-4dde-91f9-a15d5d3f0999,financial.furniture,available,62,21,9,,,
303b516d-6cd2-42a8-bdc4-94261a32ce2e,financial.futbol,available,62,21,9,,,
8d206abe-f16c-4d59-87f4-52fe9262e551,financial.fyi,available,62,21,9,,,
354f0347-d806-4619-b3ae-05edac290202,financial.game,available,62,21,9,,,
9794ee22-87ea-4552-848f-6ab8a6a7f279,financial.games,available,62,21,9,,,
488104a5-893a-4ca8-976c-6ed12cb88ded,financial.garden,available,62,21,9,,,
3ab229cd-b381-4969-a9a7-16cf7a8376e5,financial.gg,resell,62,21,9,"Spaceship, Inc (https://www.spaceship.com)",,
83564d12-5291-4820-9fdb-e6db9972b081,financial.gift,available,62,21,9,,,
5c161b03-ed2c-48c7-a9b2-cd1e899c9b5d,financial.gifts,available,62,21,9,,,
3bfef604-8ee7-4c51-a5df-3e5805691a85,financial.gives,available,62,21,9,,,
571d67e3-8bfa-461f-ba10-1978524f6061,financial.giving,available,62,21,9,,,
41bd91a7-a371-46ed-9458-95f200a3cc63,financial.glass,available,62,21,9,,,
62689686-db03-4995-8231-dfc054a19824,financial.global,expiring,62,21,9,1API GmbH,05/09/2014 18:57,05/09/2025 18:57
ddbdef91-fd6f-4546-a03d-1b0d85da3857,financial.gmbh,available,62,21,9,,,
88f643d7-d38e-4103-9003-0d7e0c366291,financial.gold,resell,62,21,9,"DNSPod, Inc.",23/05/2018 23:17,23/05/2026 23:17
44d25148-ec4a-4b76-8fff-e193a23f90df,financial.golf,available,62,21,9,,,
9d419e90-feb7-4ab2-ba48-42abc5175c6f,financial.gratis,available,62,21,9,,,
b9b53898-c63d-4439-9bfb-574cc7af9df5,financial.green,available,62,21,9,,,
63b8edb4-e806-4641-8685-7b5392938084,financial.gripe,available,62,21,9,,,
0d9b4108-5c1b-4624-8b48-8e92b8acc207,financial.group,resell,62,21,9,"Sav.com, LLC - 28",09/11/2024 15:16,09/11/2025 15:16
e10d31b2-a434-4a68-9ad0-bdaea7c3065d,financial.guide,expiring,62,21,9,"NameSilo, LLC",16/09/2016 05:22,16/09/2025 05:22
4620f93a-c228-44fc-93e2-bd11e681bc84,financial.guitars,available,62,21,9,,,
1adc8d19-a804-46ea-9118-8e156d4571c0,financial.guru,expiring,62,21,9,"GoDaddy.com, LLC",12/09/2023 16:25,12/09/2025 16:25
9281a13a-77b8-47cb-94c9-6730461bbac9,financial.hair,available,62,21,9,,,
ee6873a1-b819-462d-b3b6-beed8bcf5de4,financial.health,expired,62,21,9,DotHealth LLC,30/07/2024 16:09,30/07/2025 16:09
6aeb1374-742c-4a4f-8e6e-866aa4c29be7,financial.healthcare,available,62,21,9,,,
1aa25d29-c0b3-4206-aaee-d9bd01972a46,financial.help,resell,62,21,9,Dynadot LLC,25/04/2019 23:11,25/04/2026 23:59
6287d600-9563-4923-8e91-0d90fb84a433,financial.hiphop,available,62,21,9,,,
0fcf5ce1-fd6e-460e-82c3-7bf9ad9e74e7,financial.hiv,available,62,21,9,,,
b60057eb-6eac-473a-8017-1a4075cc7b60,financial.hockey,available,62,21,9,,,
287a6903-e145-4ed0-a706-0e47451600ec,financial.holdings,available,62,21,9,,,
1e82f720-728c-4f2a-a944-35ca4ff16670,financial.holiday,available,62,21,9,,,
efc5289e-7e67-494b-9090-0f7be6822d53,financial.homes,available,62,21,9,,,
2e0a7c41-07c6-4ac7-affb-75031577f132,financial.horse,available,62,21,9,,,
0bf5b35a-0829-48b8-8196-63f88dfd9941,financial.hospital,available,62,21,9,,,
ce49c2be-1d2b-4b5b-acb4-a4e7c5d3b799,financial.host,available,62,21,9,,,
08549f09-fdc6-41bc-8a04-8cc10a1996fa,financial.hosting,available,62,21,9,,,
4321fcd3-d1fa-49a8-afa2-65980bebd2f2,financial.hot,available,62,21,9,,,
1f58b0f3-c55b-4acd-b402-a6ae91193def,financial.house,resell,62,21,9,"Spaceship, Inc.",25/06/2023 15:15,25/06/2026 15:15
9944d01d-0760-4b1a-ae25-9c533cba626a,financial.how,available,62,21,9,,,
a639af6f-cd80-44d7-93ac-964f627c2bb0,financial.icu,available,62,21,9,,,
bf46e643-d60e-4538-8b20-3832ffdc4fb5,financial.im,available,62,21,9,,,
605ea0b6-e38e-417d-a216-02fd8a35888c,financial.immo,available,62,21,9,,,
4ec17145-d9e5-4fe6-b12f-71ed823d781f,financial.immobilien,available,62,21,9,,,
5aad529c-c3f6-4cc7-bcc6-1d07d60c819a,financial.inc,available,62,21,9,,,
a3343d46-99d1-48f6-a9ab-86741d8986e5,financial.industries,available,62,21,9,,,
177894f3-0495-4eb4-853d-0ca25ac01ff6,financial.ing,available,62,21,9,,,
ddb53e58-5c5f-4b28-896a-e88360870b5c,financial.ink,resell,62,21,9,"Sav.com, LLC - 8",23/03/2025 00:00,23/03/2026 00:00
2b45c66c-1c71-4ab4-b080-5381b353facc,financial.insure,available,62,21,9,,,
8de5ec91-160e-4c99-8094-a9b524517789,financial.international,available,62,21,9,,,
6ecbda00-acf0-4950-853f-6467f2f406fc,financial.irish,available,62,21,9,,,
e9374916-5f66-4cf7-884b-9ff99ddadbb7,financial.it,resell,62,21,9,,02/12/2016 16:00,02/12/2025 00:00
20d36c5a-fee8-47a2-a328-e5dc6fc3b87e,financial.jetzt,available,62,21,9,,,
15021ed4-a9de-4345-9563-50d2d5000b45,financial.jewelry,available,62,21,9,,,
f1eb3020-b0bf-4180-818e-274c975bfb96,financial.juegos,available,62,21,9,,,
1b455845-aa9b-44b3-9dc4-efdb7c5d5c6b,financial.kaufen,available,62,21,9,,,
cfb20b9d-aeb3-496a-b25c-38723c8e6d8c,financial.kids,available,62,21,9,,,
5eade8be-fa55-4aa7-b84f-f7ad2424727a,financial.kitchen,available,62,21,9,,,
8ef6ba24-70bf-4911-9e59-7c898281ad9c,financial.law,available,62,21,9,,,
0117bbc1-1f23-4dbe-8a17-47451e67e789,financial.lawyer,available,62,21,9,,,
bd551205-b942-4027-9023-1e8991ef814d,financial.lgbt,available,62,21,9,,,
fa7ff010-2fc1-4b79-b29e-c0b65949fe7b,financial.life,resell,62,21,9,"GoDaddy.com, LLC",30/09/2014 13:52,30/09/2026 13:52
07a17bc8-92a3-45f7-b621-df9d02693657,financial.lifestyle,available,62,21,9,,,
7b9b6763-5679-4692-bc7c-0bd0211cbd34,financial.lighting,available,62,21,9,,,
c47f0664-876f-4205-a40f-97c699841a17,financial.limited,available,62,21,9,,,
45627ded-09d6-47af-8075-f2a961f1fe74,financial.limo,available,62,21,9,,,
4c39fe3c-e4d6-4634-acb4-bbe8ae8ab8eb,financial.link,available,62,21,9,,,
40819267-8231-46a5-a261-9f0e01285b06,financial.living,available,62,21,9,,,
161d8f65-76a5-4a1c-8408-703a707f2bd7,financial.llc,available,62,21,9,,,
b9a65bde-5ba8-464a-bed6-4354e1f2ebd5,financial.loan,available,62,21,9,,,
fe25bfd0-5e86-4ffc-abc9-8fe3c5544c29,financial.loans,available,62,21,9,,,
4c67761d-9c68-448e-8d60-548d343d792c,financial.locker,available,62,21,9,,,
67023b4b-149c-4f43-a9b1-27c95915d47e,financial.lol,available,62,21,9,,,
873c9390-d387-4ab1-ae6d-cd7ff63b3c0b,financial.london,available,62,21,9,,,
e952629a-1c3a-4ab5-8934-00982752480d,financial.love,available,62,21,9,,,
da63c597-8e28-43a6-8f14-662a7847b1f0,financial.ltd,resell,62,21,9,1API GmbH,19/06/2016 16:00,19/06/2026 16:00
f0ace97b-42ec-40cb-a97c-6193629b0b8d,financial.ltda,available,62,21,9,,,
8b52fe5a-591f-4d68-9010-31156cb2060c,financial.luxe,available,62,21,9,,,
d95e3b46-9a40-4408-942c-b2b71f6beb63,financial.luxury,available,62,21,9,,,
88fcd0e5-8e71-4924-8336-81a708ccb7d8,financial.maison,available,62,21,9,,,
f17335ad-f4fb-4f45-ade3-72269d7689ec,financial.makeup,available,62,21,9,,,
91a832f2-de18-48b4-9d2a-b6a7f39ef1b8,financial.management,available,62,21,9,,,
8ff4d9dc-feb7-49c0-872f-eae75641ec3f,financial.market,available,62,21,9,,,
e2204967-0ef3-4b75-a70a-927ee1699d9a,financial.mba,expiring,62,21,9,"Wild West Domains, LLC",02/09/2015 16:00,02/09/2025 16:00
871525f7-8597-4748-bf23-d2f2688587af,financial.media,resell,62,21,9,"Spaceship, Inc.",08/10/2017 07:53,08/10/2025 07:53
e7b2ee19-ba0a-4d4b-82f0-c0d9cafac369,financial.melbourne,expiring,62,21,9,"NameCheap, Inc.",21/09/2024 05:03,21/09/2025 05:03
3a7c0030-40b1-4b4b-8f7a-800d31296c9b,financial.meme,available,62,21,9,,,
05ffdfe3-a76a-4f10-9d88-dbcb746dd6f0,financial.memorial,available,62,21,9,,,
4b32b1bf-a7da-482e-bec9-a579a130e8e4,financial.men,available,62,21,9,,,
70248c7b-6a56-4eca-a511-e03f9d6eba75,financial.menu,available,62,21,9,,,
f069b3c5-05d0-4d16-8b05-1844da439512,financial.miami,available,62,21,9,,,
fd6c321b-c58b-458c-b446-2feb5822594b,financial.mobi,resell,62,21,9,Automattic Inc.,27/02/2021 14:30,27/02/2028 14:30
1f6c3ac0-cd78-456d-bbb6-a53841eff8b7,financial.moda,available,62,21,9,,,
f9d4143e-2391-4113-b33b-60a691772a60,financial.moe,available,62,21,9,,,
cf720be4-d426-4b47-b3c4-70358684f5c6,financial.mom,available,62,21,9,,,
9366918b-3f3d-4573-b167-894b82d1144d,financial.monster,resell,62,21,9,"Spaceship, Inc.",10/03/2025 11:48,10/03/2026 23:59
5cdc5cb4-d31f-4838-b15c-d4207c90b5af,financial.mortgage,available,62,21,9,,,
859ed51f-114d-4177-80c6-7c35fc88022f,financial.motorcycles,available,62,21,9,,,
9ec345d3-9b9c-44b7-8b08-4a17d8baab20,financial.mov,available,62,21,9,,,
ef8b932c-5655-4436-82a9-e536d267f781,financial.movie,available,62,21,9,,,
d5cd459f-082c-4fca-9fe9-32763071ce6e,financial.music,available,62,21,9,,,
8118d4f8-c1f5-490f-966f-660644c0cdc7,financial.navy,available,62,21,9,,,
6884f8e7-edbd-4e8a-8034-11f130d94721,financial.net,resell,62,21,9,Tucows Domains Inc.,17/04/1998 04:00,16/04/2026 04:00
703c4d22-495c-4ec5-a712-33712d769258,financial.network,resell,62,21,9,1API GmbH,23/02/2019 22:09,23/02/2026 22:09
eca00365-8f75-4609-9695-ff2683b331f0,financial.news,expiring,62,21,9,"Name.com, Inc.",21/09/2023 19:44,21/09/2025 19:44
c6f152d3-11e4-4108-888b-2a4658f46637,financial.nexus,available,62,21,9,,,
b49d04f1-f77a-4a08-9278-35d848f8d6fb,financial.ngo,available,62,21,9,,,
ca77c481-4817-4837-8bd2-f27aae050ed9,financial.ninja,available,62,21,9,,,
9271f567-2107-4c15-8f94-e6c69016ff64,financial.nyc,available,62,21,9,,,
52f9c5ba-2308-4d88-b82c-ae51ddd99bcd,financial.observer,available,62,21,9,,,
45221eda-a452-49d4-93bd-63667ba37bbb,financial.one,available,62,21,9,,,
54a40265-b5bf-441b-b2d4-6f48953eb8bb,financial.ong,available,62,21,9,,,
61c1c4d0-a72d-43eb-b843-ff5540b15f5f,financial.onl,available,62,21,9,,,
7059aa52-c04a-45e4-8699-1129dbe112fe,financial.online,available,62,21,9,,,
b9fb889f-85ff-497c-ad7d-26b52e1d282d,financial.ooo,available,62,21,9,,,
35346289-f4c1-44e0-bc08-017c6bf05398,financial.organic,available,62,21,9,,,
de88066e-fa38-4fe3-b185-de406ec6db93,financial.osaka,available,62,21,9,,,
00e68ab4-aa66-4803-941e-656550ed939a,financial.page,available,62,21,9,,,
8fcd9efa-a857-4214-9cf1-0b37d9769739,financial.parts,available,62,21,9,,,
b04c4b29-7c7b-441f-947f-47b77b4c6172,financial.party,available,62,21,9,,,
8dd4b171-5d75-48b2-866c-79e927107247,financial.phd,available,62,21,9,,,
61603a94-86d7-471b-aa84-1ce9ebd44d04,financial.photo,available,62,21,9,,,
5284f2cc-d291-4ff3-8c7d-584c84696836,financial.photography,available,62,21,9,,,
1a92bf22-7395-44c7-bea3-860d9b61b3dc,financial.photos,available,62,21,9,,,
fa792b83-8d9c-41bd-b13f-9b18b3559cd2,financial.pictures,available,62,21,9,,,
f8efd9ae-f892-498f-8417-96269b693e62,financial.pink,available,62,21,9,,,
e748032a-6526-4d6a-a999-8eb379964ea1,financial.pizza,available,62,21,9,,,
97fb5261-cd59-469a-9fb5-235ad0945085,financial.place,available,62,21,9,,,
e128151b-e457-4215-b7ac-907ac6f4032a,financial.plumbing,available,62,21,9,,,
8a511f6a-6cc9-4c1e-acb8-1fa02a666c26,financial.poker,available,62,21,9,,,
67b6f7d0-e1e2-406c-b381-34970795f392,financial.porn,available,62,21,9,,,
57e1876c-1c06-4967-811b-84a55697c927,financial.press,available,62,21,9,,,
3ef4f914-9df6-4d9b-865a-647655f47759,financial.pro,resell,62,21,9,"GoDaddy.com, LLC",22/08/2005 00:00,22/08/2026 00:00
b5a8863e-36d9-4071-a188-9f0c39098f3b,financial.productions,available,62,21,9,,,
582341e9-22bf-41c5-b82d-0c3d5944e8d5,financial.prof,available,62,21,9,,,
ceace2f7-34c4-4710-b74e-b6cce0e6f3c3,financial.promo,resell,62,21,9,1API GmbH,23/05/2016 16:00,23/05/2026 16:00
bb032adf-c8c5-4bac-a7c8-e4d23f0f86f4,financial.properties,available,62,21,9,,,
85c08ab7-3e77-4fce-85dd-fab32d8d7118,financial.property,available,62,21,9,,,
d297705d-17ca-48a5-bd96-906ee3036280,financial.protection,available,62,21,9,,,
0db3a882-9c05-455f-a5ff-0cdee439b2cd,financial.pub,resell,62,21,9,"Chengdu West Dimension Digital Technology Co., Ltd.",20/10/2022 13:15,20/10/2025 13:15
15267080-a3ee-4c8e-a02b-705c1ca70a66,financial.pw,resell,62,21,9,Alibaba Cloud Computing Ltd. d/b/a HiChina (www.net.cn),26/01/2024 18:08,26/01/2026 23:59
993f4103-6774-4463-8a2a-00b7c6314715,financial.qpon,available,62,21,9,,,
f80a7aad-04aa-41d7-a7eb-0d5e6a75e0ab,financial.quest,available,62,21,9,,,
874edea4-948e-405d-9fe0-7999de5db772,financial.racing,available,62,21,9,,,
301601bf-e70b-45e8-b90f-e114863d23db,financial.realty,available,62,21,9,,,
39cf3136-37a7-4c47-9fb1-5d94983eaa0f,financial.recipes,available,62,21,9,,,
9a7bc99e-bf4d-42aa-b98d-eaf4bf3a301c,financial.red,resell,62,21,9,"Spaceship, Inc.",01/07/2020 14:30,01/07/2026 14:30
7112ae5a-4875-4ab5-bd4e-0563811c4de2,financial.rehab,available,62,21,9,,,
bb1917ed-9e79-438e-b82f-a0479790d506,financial.reise,available,62,21,9,,,
f758ac93-c9f9-4f43-8567-a2b99a975d8e,financial.reisen,available,62,21,9,,,
41e8392d-d7f5-4a18-8917-993e646f3d71,financial.rent,resell,62,21,9,Dynadot LLC,23/03/2025 23:35,23/03/2026 23:59
c6ed026d-4a96-4767-a7a3-c021143ad9f1,financial.rentals,available,62,21,9,,,
eb29bc24-c34b-4a8b-bfe1-b65b50ae6810,financial.repair,available,62,21,9,,,
09b6de68-32c1-4034-bf06-575f696e9b0a,financial.report,resell,62,21,9,Dynadot Inc,14/11/2019 21:04,14/11/2025 21:04
976fe641-6ab7-4e79-acaf-ce3796213015,financial.republican,available,62,21,9,,,
4731149b-6683-496a-adda-b298a828443b,financial.rest,available,62,21,9,,,
36f20f7c-1ad1-400c-b0d5-daa287e70f45,financial.review,available,62,21,9,,,
06c2dd6a-ca70-4b9a-a6a3-1e8c545374c7,financial.reviews,available,62,21,9,,,
a40db487-b2c4-4dbe-af4e-080bf888fa42,financial.rich,available,62,21,9,,,
1548787a-0abf-4031-9462-8648013e94a9,financial.rip,resell,62,21,9,"Sav.com, LLC",07/11/2024 17:06,07/11/2025 17:06
8d97da0e-eaa8-45a0-83ed-39a184c0ff02,financial.rocks,resell,62,21,9,"Sav.com, LLC",16/08/2020 12:00,16/08/2026 12:00
b6ac4660-b623-49a9-90d1-c7f8c6988ae3,financial.rodeo,available,62,21,9,,,
26bde396-faae-45d8-bfd9-700eab0a0dc0,financial.rsvp,available,62,21,9,,,
af089306-ccb2-42dd-81da-bcc807d4aed0,financial.sale,available,62,21,9,,,
b82b1e9e-402f-4b4d-818d-365bef4139bd,financial.salon,available,62,21,9,,,
087143e1-96eb-4841-b619-f2658c3cc045,financial.sarl,available,62,21,9,,,
fb940a0b-2e90-4156-8a7d-2f04d41ba2d8,financial.sbs,available,62,21,9,,,
860aa708-f6ba-4752-a51e-e10dcab54acd,financial.school,resell,62,21,9,Dynadot Inc,15/06/2021 16:12,15/06/2026 16:12
5652de58-1f38-4163-b1cc-be40614a8dee,financial.schule,available,62,21,9,,,
b2f485a9-559e-4929-a837-caa682d4a500,financial.security,available,62,21,9,,,
329d8060-db6c-4c92-b99e-042d58a08def,financial.services,expiring,62,21,9,"Name.com, Inc.",21/09/2023 19:49,21/09/2025 19:49
d1b4bab0-ed61-47db-90e5-b2d7cfae812e,financial.sexy,available,62,21,9,,,
ddd7bbc2-eeac-4e45-bf79-66574206cbae,financial.shiksha,available,62,21,9,,,
55f78885-61bd-4df7-b62f-9f1e70c8ee34,financial.shoes,available,62,21,9,,,
52fda3ea-d905-407e-8de8-293a1377d164,financial.singles,available,62,21,9,,,
7ad85ad1-2ae1-4beb-b7ec-12aea4987fd6,financial.site,available,62,21,9,,,
7df3a4fc-9071-4a86-a841-710bf5f61e85,financial.ski,available,62,21,9,,,
1707d8bf-1d4e-42d7-9712-79f010fe9c73,financial.skin,available,62,21,9,,,
76ec84d0-0c7e-47ee-b52f-3181092e379a,financial.so,resell,62,21,9,Dynadot LLC,17/02/2022 05:11,17/02/2026 05:11
cf3cd15b-e199-4fb1-9ac9-cf26bb93eb10,financial.soccer,available,62,21,9,,,
61d923bc-49f5-4053-880b-2b56cf1dce57,financial.social,resell,62,21,9,"DNSPod, Inc.",05/09/2019 04:08,05/09/2026 04:08
f813c807-8b19-4569-9fd6-0f0f1d52cd19,financial.software,available,62,21,9,,,
67f1dd6b-7c49-4d26-9e9e-e081e877ed92,financial.solar,available,62,21,9,,,
a5cef34b-9605-4cfa-80a1-7063c78244f7,financial.solutions,resell,62,21,9,Dynadot Inc,09/09/2016 07:56,09/09/2026 07:56
84696360-6f33-48ce-818c-b5c9ce7bb9d8,financial.soy,available,62,21,9,,,
9540a96a-d0ff-4f12-acf5-faaa55d95ae4,financial.space,available,62,21,9,,,
b7909d90-6b17-4b75-b0da-f9aba6f27dd1,financial.spot,available,62,21,9,,,
f1c402a1-51ef-413c-a9f7-53a90927ac0d,financial.srl,available,62,21,9,,,
42f68b3a-275b-449f-b160-8b67f84b5401,financial.store,available,62,21,9,,,
2650ad82-7019-492b-a226-cbb28f0a07f1,financial.stream,available,62,21,9,,,
e44ea967-0c39-49ba-bcac-64a72effe8c8,financial.study,available,62,21,9,,,
cac7982b-e4b2-41f4-b8f2-440b496d138c,financial.style,available,62,21,9,,,
ccd97a30-a667-4838-9e6b-a8b11e4e2c20,financial.sucks,available,62,21,9,,,
b6c3950e-a46a-4f99-87c1-0444ea6c65d4,financial.supplies,available,62,21,9,,,
133b90e9-9f5d-47d7-a888-c7eebf1b6948,financial.support,resell,62,21,9,"Go China Domains, LLC",23/03/2014 16:00,23/03/2026 16:00
acdae2fa-1be4-4d5d-a3ae-61dad7acdc89,financial.surf,available,62,21,9,,,
7db2e795-7c01-4830-98c6-a8a5f4ebae77,financial.surgery,available,62,21,9,,,